{
    "attempt_start_time": "2023-10-19 18:55:24.889972",
    "attempt_count": 1,
    "attempt_dir": "/Users/cccb/Library/CloudStorage/GoogleDrive-elbongoserocccb@gmail.com/My Drive/SavedSessions/session_00000227/Part1_BongosToDrum/attempt_1",
    "tempos": [
        [
            90.0,
            "2023-10-19 18:55:24.990859"
        ],
        [
            92.0,
            "2023-10-19 18:55:41.923370"
        ],
        [
            94.0,
            "2023-10-19 18:55:42.944344"
        ],
        [
            96.0,
            "2023-10-19 18:55:44.284738"
        ],
        [
            101.0,
            "2023-10-19 18:55:44.502954"
        ],
        [
            106.0,
            "2023-10-19 18:55:44.626795"
        ]
    ],
    "cleared_to_retry_times": [
        "2023-10-19 18:55:24.993296",
        "2023-10-19 18:55:32.196342",
        "2023-10-19 18:55:33.169171",
        "2023-10-19 18:55:40.342805",
        "2023-10-19 18:55:54.428840"
    ],
    "requested_generation_time": "2023-10-19 18:56:11.454058",
    "volumes_at_generation_request": {
        "bongo": 0.5,
        "metronome": 0.5
    },
    "generation_0": {
        "pressed_play_time": [
            "2023-10-19 18:56:16.417039"
        ],
        "rankings": [
            [
                2,
                "2023-10-19 18:56:22.796420"
            ]
        ]
    },
    "generation_1": {
        "pressed_play_time": [
            "2023-10-19 18:56:23.861189"
        ],
        "rankings": [
            [
                1,
                "2023-10-19 18:56:26.123297"
            ]
        ]
    },
    "generation_2": {
        "pressed_play_time": [
            "2023-10-19 18:56:27.031405"
        ],
        "rankings": [
            [
                3,
                "2023-10-19 18:56:29.981449"
            ]
        ]
    },
    "submitted_ratings_time": "2023-10-19 18:56:30.912048",
    "volumes_at_rating_submission": {
        "bongo": 0.5,
        "metronome": 0.25,
        "drum": 0.5
    },
    "removed_hits": []
}