{
    "attempt_start_time": "2023-11-01 16:02:08.802232",
    "attempt_count": 1,
    "attempt_dir": "/Users/cccb/Library/CloudStorage/GoogleDrive-elbongoserocccb@gmail.com/My Drive/SavedSessions/session_00000985--2023-11-01--15-59-05/Part2_BongosAlonWithDrums/attempt_001",
    "tempos": [
        [
            120.0,
            "2023-11-01 16:02:08.806387"
        ],
        [
            122.0,
            "2023-11-01 16:02:27.463131"
        ],
        [
            124.0,
            "2023-11-01 16:02:28.506739"
        ]
    ],
    "cleared_to_retry_times": [
        "2023-11-01 16:02:08.807335"
    ],
    "groove_submission_time": "2023-11-01 16:03:13.461848",
    "midi_drum_path": [
        [
            "/Users/cccb/Library/CloudStorage/GoogleDrive-elbongoserocccb@gmail.com/My Drive/DrumMidis/Disco/p0000001897__m010__beat__disco__001---003.mid",
            "2023-11-01 16:02:08.806087"
        ]
    ],
    "volumes_at_submission": {
        "bongo": 0.27,
        "metronome": 0.0,
        "drum": 0.24
    },
    "attempt_ended_by": "submission",
    "removed_hits": [],
    "self_assessment_rating": [
        [
            5,
            "2023-11-01 16:03:16.405528"
        ]
    ]
}