{
    "attempt_start_time": "2023-10-21 13:39:35.883213",
    "attempt_count": 3,
    "attempt_dir": "/Users/cccb/Library/CloudStorage/GoogleDrive-elbongoserocccb@gmail.com/My Drive/SavedSessions/session_00000338/Part1_BongosToDrum/attempt_3",
    "tempos": [
        [
            90.0,
            "2023-10-21 13:39:35.984455"
        ],
        [
            90.0,
            "2023-10-21 13:39:39.458814"
        ]
    ],
    "cleared_to_retry_times": [
        "2023-10-21 13:39:35.988444"
    ],
    "requested_generation_time": null,
    "volumes_at_generation_request": {
        "bongo": null,
        "metronome": null
    },
    "generation_0": {
        "pressed_play_time": [],
        "rankings": []
    },
    "generation_1": {
        "pressed_play_time": [],
        "rankings": []
    },
    "generation_2": {
        "pressed_play_time": [],
        "rankings": []
    },
    "submitted_ratings_time": null,
    "volumes_at_rating_submission": {
        "bongo": null,
        "metronome": null
    },
    "removed_hits": []
}