{
    "attempt_start_time": "2023-10-24 12:38:14.044455",
    "attempt_count": 1,
    "attempt_dir": "/Users/cccb/Library/CloudStorage/GoogleDrive-elbongoserocccb@gmail.com/My Drive/SavedSessions/session_00000416/Part2_BongosAlonWithDrums/attempt_001",
    "tempos": [
        [
            120.0,
            "2023-10-24 12:38:14.048055"
        ],
        [
            122.0,
            "2023-10-24 12:38:43.664298"
        ]
    ],
    "cleared_to_retry_times": [
        "2023-10-24 12:38:14.049017"
    ],
    "groove_submission_time": "2023-10-24 12:38:50.300956",
    "midi_drum_path": [
        [
            "/Users/cccb/Library/CloudStorage/GoogleDrive-elbongoserocccb@gmail.com/My Drive/DrumMidis/Bossanova/p0000002972__m248__beat__bossanova+world__001---003_extended.mid",
            "2023-10-24 12:38:14.047737"
        ]
    ],
    "volumes_at_submission": {
        "bongo": 0.52,
        "metronome": 0.28,
        "drum": 0.9
    },
    "attempt_ended_by": "submission",
    "removed_hits": [],
    "self_assessment_rating": [
        [
            4,
            "2023-10-24 12:38:53.972654"
        ]
    ]
}