{
    "attempt_start_time": "2023-11-01 11:39:36.315844",
    "attempt_count": 1,
    "attempt_dir": "/Users/cccb/Library/CloudStorage/GoogleDrive-elbongoserocccb@gmail.com/My Drive/SavedSessions/session_00000930--2023-11-01--11-38-44/Part2_BongosAlonWithDrums/attempt_001",
    "tempos": [
        [
            120.0,
            "2023-11-01 11:39:36.320614"
        ]
    ],
    "cleared_to_retry_times": [
        "2023-11-01 11:39:36.321397"
    ],
    "groove_submission_time": "2023-11-01 11:40:00.790468",
    "midi_drum_path": [
        [
            "/Users/cccb/Library/CloudStorage/GoogleDrive-elbongoserocccb@gmail.com/My Drive/DrumMidis/Disco/p0000002280__m007__beat__rock+indie+disco__001---003.mid",
            "2023-11-01 11:39:36.320310"
        ]
    ],
    "volumes_at_submission": {
        "bongo": 0.5,
        "metronome": 0.57,
        "drum": 0.5
    },
    "attempt_ended_by": "submission",
    "removed_hits": [],
    "self_assessment_rating": [
        [
            5,
            "2023-11-01 11:40:03.972427"
        ]
    ]
}