{
    "attempt_start_time": "2023-10-26 14:16:04.603966",
    "attempt_count": 1,
    "attempt_dir": "/Users/cccb/Library/CloudStorage/GoogleDrive-elbongoserocccb@gmail.com/My Drive/SavedSessions/session_00000511--2023-10-26--14-04-33/Part2_BongosAlonWithDrums/attempt_001",
    "tempos": [
        [
            110.0,
            "2023-10-26 14:16:04.609553"
        ]
    ],
    "cleared_to_retry_times": [
        "2023-10-26 14:16:04.610964"
    ],
    "groove_submission_time": "2023-10-26 14:16:18.931029",
    "midi_drum_path": [
        [
            "/Users/cccb/Library/CloudStorage/GoogleDrive-elbongoserocccb@gmail.com/My Drive/DrumMidis/Bossanova/p0000002892__m034__beat__bossanova+funk+world__002---004.mid",
            "2023-10-26 14:16:04.609210"
        ]
    ],
    "volumes_at_submission": {
        "bongo": 0.5,
        "metronome": 0.0,
        "drum": 0.5
    },
    "attempt_ended_by": "submission",
    "removed_hits": [],
    "self_assessment_rating": [
        [
            3,
            "2023-10-26 14:16:21.390019"
        ]
    ]
}