{
    "session_start_time": "2023-10-20 12:53:32.598263",
    "session_count": 241,
    "session_name": "session_00000241",
    "session_dir": "/Users/cccb/Library/CloudStorage/GoogleDrive-elbongoserocccb@gmail.com/My Drive/SavedSessions/session_00000241",
    "session_end_time": "2023-10-20 12:54:56.804509",
    "session_ended_by": "user",
    "level_of_musical_experience": [
        {
            "rating": 2,
            "time": "2023-10-20 12:55:03.181115"
        }
    ],
    "exhibition_rating": [
        {
            "rating": 3,
            "time": "2023-10-20 12:55:05.854874"
        }
    ],
    "explicitely_granted_consent": "Yes"
}