{
    "attempt_start_time": "2023-10-29 18:03:19.412220",
    "attempt_count": 2,
    "attempt_dir": "/Users/cccb/Library/CloudStorage/GoogleDrive-elbongoserocccb@gmail.com/My Drive/SavedSessions/session_00000790--2023-10-29--18-00-52/Part2_BongosAlonWithDrums/attempt_002",
    "tempos": [
        [
            120.0,
            "2023-10-29 18:03:19.416863"
        ]
    ],
    "cleared_to_retry_times": [
        "2023-10-29 18:03:19.417873"
    ],
    "groove_submission_time": "2023-10-29 18:03:32.184411",
    "midi_drum_path": [
        [
            "/Users/cccb/Library/CloudStorage/GoogleDrive-elbongoserocccb@gmail.com/My Drive/DrumMidis/Electronic/1367_techno_grindinganalogue01.mid",
            "2023-10-29 18:03:19.416563"
        ]
    ],
    "volumes_at_submission": {
        "bongo": 0.23,
        "metronome": 0.74,
        "drum": 0.79
    },
    "attempt_ended_by": "submission",
    "removed_hits": [],
    "self_assessment_rating": [
        [
            4,
            "2023-10-29 18:03:34.638895"
        ]
    ]
}