{
    "session_start_time": "2023-10-24 17:58:00.237812",
    "session_count": 466,
    "session_name": "session_00000466",
    "session_dir": "/Users/cccb/Library/CloudStorage/GoogleDrive-elbongoserocccb@gmail.com/My Drive/SavedSessions/session_00000466",
    "session_end_time": "2023-10-24 18:01:15.552212",
    "session_ended_by": "user",
    "level_of_musical_experience": [
        {
            "rating": 2,
            "time": "2023-10-24 18:01:22.609770"
        }
    ],
    "exhibition_rating": [
        {
            "rating": 4,
            "time": "2023-10-24 18:01:25.777058"
        }
    ],
    "explicitely_granted_consent": "Yes"
}