{
    "attempt_start_time": "2023-10-18 18:11:06.663191",
    "attempt_count": 1,
    "attempt_dir": "/Users/cccb/Library/CloudStorage/GoogleDrive-elbongoserocccb@gmail.com/My Drive/SavedSessions/session_00000188/Part2_BongosAlonWithDrums/attempt_001",
    "tempos": [
        [
            120.0,
            "2023-10-18 18:11:06.666314"
        ]
    ],
    "cleared_to_retry_times": [
        "2023-10-18 18:11:06.667238"
    ],
    "groove_submission_time": "2023-10-18 18:11:09.828495",
    "midi_drum_path": [
        [
            "/Users/cccb/Library/CloudStorage/GoogleDrive-elbongoserocccb@gmail.com/My Drive/DrumMidis/Electronic/736_moveyourbody152.mid",
            "2023-10-18 18:11:06.666037"
        ]
    ],
    "volumes_at_submission": {
        "bongo": 0.5,
        "metronome": 0.0,
        "drum": 0.5
    },
    "attempt_ended_by": "submission",
    "removed_hits": [],
    "self_assessment_rating": []
}