{
    "attempt_start_time": "2023-10-24 15:52:59.180646",
    "attempt_count": 2,
    "attempt_dir": "/Users/cccb/Library/CloudStorage/GoogleDrive-elbongoserocccb@gmail.com/My Drive/SavedSessions/session_00000442/Part1_BongosToDrum/attempt_2",
    "tempos": [
        [
            90.0,
            "2023-10-24 15:52:59.281305"
        ]
    ],
    "cleared_to_retry_times": [
        "2023-10-24 15:52:59.282535",
        "2023-10-24 15:53:16.718349"
    ],
    "requested_generation_time": "2023-10-24 15:53:25.329419",
    "volumes_at_generation_request": {
        "bongo": 0.5,
        "metronome": 0.5
    },
    "generation_0": {
        "pressed_play_time": [
            "2023-10-24 15:53:31.885468"
        ],
        "rankings": [
            [
                0,
                "2023-10-24 15:53:38.520898"
            ]
        ]
    },
    "generation_1": {
        "pressed_play_time": [
            "2023-10-24 15:53:45.882473"
        ],
        "rankings": [
            [
                0,
                "2023-10-24 15:53:51.778267"
            ]
        ]
    },
    "generation_2": {
        "pressed_play_time": [
            "2023-10-24 15:53:52.867863"
        ],
        "rankings": [
            [
                0,
                "2023-10-24 15:53:58.877585"
            ]
        ]
    },
    "submitted_ratings_time": "2023-10-24 15:53:59.738633",
    "volumes_at_rating_submission": {
        "bongo": 0.5,
        "metronome": 0.25,
        "drum": 0.5
    },
    "removed_hits": []
}