{
    "attempt_start_time": "2023-10-24 13:17:38.966381",
    "attempt_count": 1,
    "attempt_dir": "/Users/cccb/Library/CloudStorage/GoogleDrive-elbongoserocccb@gmail.com/My Drive/SavedSessions/session_00000423/Part1_BongosToDrum/attempt_1",
    "tempos": [
        [
            90.0,
            "2023-10-24 13:17:39.067038"
        ]
    ],
    "cleared_to_retry_times": [
        "2023-10-24 13:17:39.068712"
    ],
    "requested_generation_time": "2023-10-24 13:18:17.416137",
    "volumes_at_generation_request": {
        "bongo": 0.77,
        "metronome": 0.5
    },
    "generation_0": {
        "pressed_play_time": [
            "2023-10-24 13:18:30.331695",
            "2023-10-24 13:18:45.132311",
            "2023-10-24 13:19:10.224739"
        ],
        "rankings": [
            [
                0,
                "2023-10-24 13:19:15.691151"
            ]
        ]
    },
    "generation_1": {
        "pressed_play_time": [
            "2023-10-24 13:18:53.171964",
            "2023-10-24 13:19:16.491396"
        ],
        "rankings": [
            [
                2,
                "2023-10-24 13:19:25.729529"
            ]
        ]
    },
    "generation_2": {
        "pressed_play_time": [
            "2023-10-24 13:19:26.576613"
        ],
        "rankings": [
            [
                3,
                "2023-10-24 13:19:35.193567"
            ]
        ]
    },
    "submitted_ratings_time": "2023-10-24 13:19:36.633078",
    "volumes_at_rating_submission": {
        "bongo": 1.0,
        "metronome": 0.25,
        "drum": 0.5
    },
    "removed_hits": []
}