{
    "attempt_start_time": "2023-10-17 19:52:21.154373",
    "attempt_count": 1,
    "attempt_dir": "/Users/cccb/Library/CloudStorage/GoogleDrive-elbongoserocccb@gmail.com/My Drive/SavedSessions/session_00000099/Part1_BongosToDrum/attempt_1",
    "tempos": [
        [
            90.0,
            "2023-10-17 19:52:21.254976"
        ],
        [
            92.0,
            "2023-10-17 19:52:24.084160"
        ],
        [
            94.0,
            "2023-10-17 19:52:24.613508"
        ],
        [
            96.0,
            "2023-10-17 19:52:25.084583"
        ],
        [
            98.0,
            "2023-10-17 19:52:25.480267"
        ]
    ],
    "cleared_to_retry_times": [
        "2023-10-17 19:52:21.256022"
    ],
    "requested_generation_time": "2023-10-17 19:52:44.212955",
    "volumes_at_generation_request": {
        "bongo": 0.72,
        "metronome": 0.5
    },
    "generation_0": {
        "pressed_play_time": [
            "2023-10-17 19:52:49.633927"
        ],
        "rankings": [
            [
                3,
                "2023-10-17 19:52:53.049600"
            ]
        ]
    },
    "generation_1": {
        "pressed_play_time": [
            "2023-10-17 19:52:54.351877"
        ],
        "rankings": [
            [
                1,
                "2023-10-17 19:52:56.599212"
            ]
        ]
    },
    "generation_2": {
        "pressed_play_time": [
            "2023-10-17 19:52:57.466640"
        ],
        "rankings": [
            [
                4,
                "2023-10-17 19:53:00.589122"
            ]
        ]
    },
    "submitted_ratings_time": "2023-10-17 19:53:01.481338",
    "volumes_at_rating_submission": {
        "bongo": 0.5,
        "metronome": 0.25,
        "drum": 0.5
    },
    "removed_hits": []
}