{
    "attempt_start_time": "2023-10-18 13:32:07.152575",
    "attempt_count": 1,
    "attempt_dir": "/Users/cccb/Library/CloudStorage/GoogleDrive-elbongoserocccb@gmail.com/My Drive/SavedSessions/session_00000149/Part1_BongosToDrum/attempt_1",
    "tempos": [
        [
            90.0,
            "2023-10-18 13:32:07.253337"
        ],
        [
            92.0,
            "2023-10-18 13:32:12.605909"
        ]
    ],
    "cleared_to_retry_times": [
        "2023-10-18 13:32:07.254759",
        "2023-10-18 13:32:35.299667"
    ],
    "requested_generation_time": "2023-10-18 13:32:59.385169",
    "volumes_at_generation_request": {
        "bongo": 0.5,
        "metronome": 0.5
    },
    "generation_0": {
        "pressed_play_time": [
            "2023-10-18 13:33:17.248954"
        ],
        "rankings": [
            [
                0,
                "2023-10-18 13:33:14.481433"
            ]
        ]
    },
    "generation_1": {
        "pressed_play_time": [
            "2023-10-18 13:33:29.907558"
        ],
        "rankings": [
            [
                4,
                "2023-10-18 13:33:35.480145"
            ]
        ]
    },
    "generation_2": {
        "pressed_play_time": [
            "2023-10-18 13:33:38.726201",
            "2023-10-18 13:33:44.964740"
        ],
        "rankings": [
            [
                3,
                "2023-10-18 13:33:47.772750"
            ]
        ]
    },
    "submitted_ratings_time": "2023-10-18 13:33:49.154915",
    "volumes_at_rating_submission": {
        "bongo": 0.5,
        "metronome": 0.25,
        "drum": 0.5
    },
    "removed_hits": []
}