{
    "session_start_time": "2023-10-29 17:23:11.195793",
    "session_count": 781,
    "session_name": "session_00000781--2023-10-29--17-23-11",
    "session_dir": "/Users/cccb/Library/CloudStorage/GoogleDrive-elbongoserocccb@gmail.com/My Drive/SavedSessions/session_00000781--2023-10-29--17-23-11",
    "session_end_time": "2023-10-29 17:28:49.944354",
    "session_ended_by": "user",
    "level_of_musical_experience": [
        {
            "rating": 5,
            "time": "2023-10-29 17:28:52.670969"
        },
        {
            "rating": 4,
            "time": "2023-10-29 17:28:56.157980"
        }
    ],
    "exhibition_rating": [
        {
            "rating": 5,
            "time": "2023-10-29 17:28:54.901913"
        }
    ],
    "explicitely_granted_consent": "Yes"
}