{
    "attempt_start_time": "2023-10-21 13:39:50.301144",
    "attempt_count": 5,
    "attempt_dir": "/Users/cccb/Library/CloudStorage/GoogleDrive-elbongoserocccb@gmail.com/My Drive/SavedSessions/session_00000338/Part1_BongosToDrum/attempt_5",
    "tempos": [
        [
            90.0,
            "2023-10-21 13:39:50.403042"
        ]
    ],
    "cleared_to_retry_times": [
        "2023-10-21 13:39:50.406882",
        "2023-10-21 13:40:02.252552",
        "2023-10-21 13:40:06.235680",
        "2023-10-21 13:40:06.458292",
        "2023-10-21 13:40:06.667665",
        "2023-10-21 13:40:06.866939"
    ],
    "requested_generation_time": "2023-10-21 13:40:17.319713",
    "volumes_at_generation_request": {
        "bongo": 0.5,
        "metronome": 0.54
    },
    "generation_0": {
        "pressed_play_time": [],
        "rankings": []
    },
    "generation_1": {
        "pressed_play_time": [],
        "rankings": []
    },
    "generation_2": {
        "pressed_play_time": [],
        "rankings": []
    },
    "submitted_ratings_time": null,
    "volumes_at_rating_submission": {
        "bongo": null,
        "metronome": null
    },
    "removed_hits": []
}