{
    "attempt_start_time": "2023-10-31 18:59:59.897730",
    "attempt_count": 1,
    "attempt_dir": "/Users/cccb/Library/CloudStorage/GoogleDrive-elbongoserocccb@gmail.com/My Drive/SavedSessions/session_00000920--2023-10-31--18-58-49/Part1_BongosToDrum/attempt_1",
    "tempos": [
        [
            90.0,
            "2023-10-31 18:59:59.998681"
        ],
        [
            90.0,
            "2023-10-31 19:00:31.195740"
        ]
    ],
    "cleared_to_retry_times": [
        "2023-10-31 18:59:59.999915",
        "2023-10-31 19:00:05.884762"
    ],
    "requested_generation_time": null,
    "volumes_at_generation_request": {
        "bongo": null,
        "metronome": null
    },
    "generation_0": {
        "pressed_play_time": [],
        "rankings": []
    },
    "generation_1": {
        "pressed_play_time": [],
        "rankings": []
    },
    "generation_2": {
        "pressed_play_time": [],
        "rankings": []
    },
    "submitted_ratings_time": null,
    "volumes_at_rating_submission": {
        "bongo": null,
        "metronome": null
    },
    "removed_hits": []
}