{
    "attempt_start_time": "2023-10-21 13:09:41.901161",
    "attempt_count": 2,
    "attempt_dir": "/Users/cccb/Library/CloudStorage/GoogleDrive-elbongoserocccb@gmail.com/My Drive/SavedSessions/session_00000330/Part1_BongosToDrum/attempt_2",
    "tempos": [
        [
            90.0,
            "2023-10-21 13:09:42.001710"
        ],
        [
            92.0,
            "2023-10-21 13:09:44.119698"
        ],
        [
            94.0,
            "2023-10-21 13:09:44.535228"
        ],
        [
            96.0,
            "2023-10-21 13:09:45.034692"
        ],
        [
            98.0,
            "2023-10-21 13:09:45.560330"
        ],
        [
            100.0,
            "2023-10-21 13:09:45.989444"
        ],
        [
            98.0,
            "2023-10-21 13:09:50.023003"
        ],
        [
            96.0,
            "2023-10-21 13:09:50.496222"
        ],
        [
            94.0,
            "2023-10-21 13:09:50.943831"
        ]
    ],
    "cleared_to_retry_times": [
        "2023-10-21 13:09:42.002940",
        "2023-10-21 13:10:13.778025"
    ],
    "requested_generation_time": "2023-10-21 13:10:29.323587",
    "volumes_at_generation_request": {
        "bongo": 0.5,
        "metronome": 0.65
    },
    "generation_0": {
        "pressed_play_time": [
            "2023-10-21 13:10:39.690826"
        ],
        "rankings": [
            [
                2,
                "2023-10-21 13:10:45.312462"
            ]
        ]
    },
    "generation_1": {
        "pressed_play_time": [
            "2023-10-21 13:10:48.678493"
        ],
        "rankings": [
            [
                1,
                "2023-10-21 13:10:55.242350"
            ]
        ]
    },
    "generation_2": {
        "pressed_play_time": [
            "2023-10-21 13:10:56.656405"
        ],
        "rankings": [
            [
                2,
                "2023-10-21 13:11:01.390133"
            ]
        ]
    },
    "submitted_ratings_time": "2023-10-21 13:11:03.274442",
    "volumes_at_rating_submission": {
        "bongo": 0.5,
        "metronome": 0.25,
        "drum": 0.5
    },
    "removed_hits": []
}