{
    "attempt_start_time": "2023-10-18 13:34:11.576882",
    "attempt_count": 1,
    "attempt_dir": "/Users/cccb/Library/CloudStorage/GoogleDrive-elbongoserocccb@gmail.com/My Drive/SavedSessions/session_00000149/Part2_BongosAlonWithDrums/attempt_001",
    "tempos": [
        [
            105.0,
            "2023-10-18 13:34:11.581938"
        ]
    ],
    "cleared_to_retry_times": [
        "2023-10-18 13:34:11.582975"
    ],
    "groove_submission_time": "2023-10-18 13:34:36.703634",
    "midi_drum_path": [
        [
            "/Users/cccb/Library/CloudStorage/GoogleDrive-elbongoserocccb@gmail.com/My Drive/DrumMidis/Funk/p0000000602__m020__beat__funk__000---002.mid",
            "2023-10-18 13:34:11.581642"
        ]
    ],
    "volumes_at_submission": {
        "bongo": 0.5,
        "metronome": 0.0,
        "drum": 0.5
    },
    "attempt_ended_by": "submission",
    "removed_hits": [],
    "self_assessment_rating": [
        [
            3,
            "2023-10-18 13:34:43.116114"
        ]
    ]
}