{
    "attempt_start_time": "2023-10-29 17:27:54.800574",
    "attempt_count": 3,
    "attempt_dir": "/Users/cccb/Library/CloudStorage/GoogleDrive-elbongoserocccb@gmail.com/My Drive/SavedSessions/session_00000781--2023-10-29--17-23-11/Part2_BongosAlonWithDrums/attempt_003",
    "tempos": [
        [
            97.0,
            "2023-10-29 17:27:54.805554"
        ]
    ],
    "cleared_to_retry_times": [
        "2023-10-29 17:27:54.806588"
    ],
    "groove_submission_time": "2023-10-29 17:28:39.400208",
    "midi_drum_path": [
        [
            "/Users/cccb/Library/CloudStorage/GoogleDrive-elbongoserocccb@gmail.com/My Drive/DrumMidis/Afrobeat/p0000004117__m001__beat__afrobeat__001---003.mid",
            "2023-10-29 17:27:54.805227"
        ]
    ],
    "volumes_at_submission": {
        "bongo": 0.5,
        "metronome": 0.85,
        "drum": 0.5
    },
    "attempt_ended_by": "submission",
    "removed_hits": [],
    "self_assessment_rating": [
        [
            5,
            "2023-10-29 17:28:41.702941"
        ]
    ]
}