{
    "attempt_start_time": "2023-10-17 20:26:06.426326",
    "attempt_count": 1,
    "attempt_dir": "/Users/cccb/Library/CloudStorage/GoogleDrive-elbongoserocccb@gmail.com/My Drive/SavedSessions/session_00000111/Part1_BongosToDrum/attempt_1",
    "tempos": [
        [
            90.0,
            "2023-10-17 20:26:06.526976"
        ]
    ],
    "cleared_to_retry_times": [
        "2023-10-17 20:26:06.528414"
    ],
    "requested_generation_time": "2023-10-17 20:26:56.725920",
    "volumes_at_generation_request": {
        "bongo": 0.5,
        "metronome": 0.5
    },
    "generation_0": {
        "pressed_play_time": [
            "2023-10-17 20:27:02.058176"
        ],
        "rankings": [
            [
                1,
                "2023-10-17 20:27:12.190729"
            ]
        ]
    },
    "generation_1": {
        "pressed_play_time": [
            "2023-10-17 20:27:13.548228"
        ],
        "rankings": [
            [
                1,
                "2023-10-17 20:27:25.447399"
            ]
        ]
    },
    "generation_2": {
        "pressed_play_time": [
            "2023-10-17 20:27:26.637723"
        ],
        "rankings": [
            [
                1,
                "2023-10-17 20:27:42.782909"
            ]
        ]
    },
    "submitted_ratings_time": "2023-10-17 20:27:43.722028",
    "volumes_at_rating_submission": {
        "bongo": 0.5,
        "metronome": 0.25,
        "drum": 0.5
    },
    "removed_hits": []
}