{
    "attempt_start_time": "2023-10-16 11:29:26.765246",
    "attempt_count": 1,
    "attempt_dir": "/Users/cccb/Library/CloudStorage/GoogleDrive-elbongoserocccb@gmail.com/My Drive/SavedSessions/session_00000046/Part2_BongosAlonWithDrums/attempt_001",
    "tempos": [
        [
            78.0,
            "2023-10-16 11:29:26.768921"
        ]
    ],
    "cleared_to_retry_times": [
        "2023-10-16 11:29:26.771588"
    ],
    "groove_submission_time": "2023-10-16 11:29:33.350212",
    "midi_drum_path": [
        [
            "/Users/cccb/Library/CloudStorage/GoogleDrive-elbongoserocccb@gmail.com/My Drive/DrumMidis/Hiphop/p0000000351__m004__beat__hiphop__001---003.mid",
            "2023-10-16 11:29:26.768645"
        ]
    ],
    "volumes_at_submission": {
        "bongo": 0.5,
        "metronome": 0.0,
        "drum": 0.5
    },
    "attempt_ended_by": "submission",
    "removed_hits": [],
    "self_assessment_rating": [
        [
            2,
            "2023-10-16 11:29:34.381361"
        ]
    ]
}