{
    "session_start_time": "2023-10-31 18:25:37.838902",
    "session_count": 914,
    "session_name": "session_00000914--2023-10-31--18-25-37",
    "session_dir": "/Users/cccb/Library/CloudStorage/GoogleDrive-elbongoserocccb@gmail.com/My Drive/SavedSessions/session_00000914--2023-10-31--18-25-37",
    "session_end_time": "2023-10-31 18:29:01.783123",
    "session_ended_by": "user",
    "level_of_musical_experience": [
        {
            "rating": 2,
            "time": "2023-10-31 18:29:08.734603"
        }
    ],
    "exhibition_rating": [
        {
            "rating": 4,
            "time": "2023-10-31 18:29:11.934869"
        }
    ],
    "explicitely_granted_consent": "Yes"
}