{
    "session_start_time": "2023-10-21 12:09:48.511762",
    "session_count": 315,
    "session_name": "session_00000315",
    "session_dir": "/Users/cccb/Library/CloudStorage/GoogleDrive-elbongoserocccb@gmail.com/My Drive/SavedSessions/session_00000315",
    "session_end_time": "2023-10-21 12:12:24.294556",
    "session_ended_by": "user",
    "level_of_musical_experience": [
        {
            "rating": 2,
            "time": "2023-10-21 12:12:28.456031"
        }
    ],
    "exhibition_rating": [
        {
            "rating": 4,
            "time": "2023-10-21 12:12:32.359466"
        }
    ],
    "explicitely_granted_consent": "Yes"
}