{
    "attempt_start_time": "2023-10-21 12:10:14.911170",
    "attempt_count": 1,
    "attempt_dir": "/Users/cccb/Library/CloudStorage/GoogleDrive-elbongoserocccb@gmail.com/My Drive/SavedSessions/session_00000315/Part1_BongosToDrum/attempt_1",
    "tempos": [
        [
            90.0,
            "2023-10-21 12:10:15.012633"
        ],
        [
            92.0,
            "2023-10-21 12:10:33.941878"
        ],
        [
            94.0,
            "2023-10-21 12:10:37.160464"
        ],
        [
            96.0,
            "2023-10-21 12:10:37.707933"
        ]
    ],
    "cleared_to_retry_times": [
        "2023-10-21 12:10:15.013733",
        "2023-10-21 12:10:40.890619"
    ],
    "requested_generation_time": "2023-10-21 12:10:51.988309",
    "volumes_at_generation_request": {
        "bongo": 0.5,
        "metronome": 0.5
    },
    "generation_0": {
        "pressed_play_time": [
            "2023-10-21 12:11:03.859475"
        ],
        "rankings": [
            [
                1,
                "2023-10-21 12:11:11.624063"
            ]
        ]
    },
    "generation_1": {
        "pressed_play_time": [
            "2023-10-21 12:11:14.720360",
            "2023-10-21 12:11:24.941883"
        ],
        "rankings": [
            [
                2,
                "2023-10-21 12:11:23.846851"
            ]
        ]
    },
    "generation_2": {
        "pressed_play_time": [
            "2023-10-21 12:11:27.090384"
        ],
        "rankings": [
            [
                1,
                "2023-10-21 12:11:35.888750"
            ]
        ]
    },
    "submitted_ratings_time": "2023-10-21 12:11:38.199970",
    "volumes_at_rating_submission": {
        "bongo": 0.5,
        "metronome": 0.25,
        "drum": 0.5
    },
    "removed_hits": []
}