{
    "attempt_start_time": "2023-10-29 18:05:12.201709",
    "attempt_count": 1,
    "attempt_dir": "/Users/cccb/Library/CloudStorage/GoogleDrive-elbongoserocccb@gmail.com/My Drive/SavedSessions/session_00000791--2023-10-29--18-04-09/Part2_BongosAlonWithDrums/attempt_001",
    "tempos": [
        [
            117.0,
            "2023-10-29 18:05:12.206642"
        ]
    ],
    "cleared_to_retry_times": [
        "2023-10-29 18:05:12.207712"
    ],
    "groove_submission_time": "2023-10-29 18:05:34.790696",
    "midi_drum_path": [
        [
            "/Users/cccb/Library/CloudStorage/GoogleDrive-elbongoserocccb@gmail.com/My Drive/DrumMidis/Disco/p0000000269__m030__beat__rnb+swing+disco__004---006.mid",
            "2023-10-29 18:05:12.206350"
        ]
    ],
    "volumes_at_submission": {
        "bongo": 0.21,
        "metronome": 0.0,
        "drum": 0.34
    },
    "attempt_ended_by": "submission",
    "removed_hits": [],
    "self_assessment_rating": [
        [
            4,
            "2023-10-29 18:05:37.925565"
        ],
        [
            5,
            "2023-10-29 18:05:39.086478"
        ]
    ]
}