{
    "session_start_time": "2023-10-17 10:32:08.833570",
    "session_count": 69,
    "session_name": "session_00000069",
    "session_dir": "/Users/cccb/Library/CloudStorage/GoogleDrive-elbongoserocccb@gmail.com/My Drive/SavedSessions/session_00000069",
    "session_end_time": "2023-10-17 10:34:45.140929",
    "session_ended_by": "user",
    "level_of_musical_experience": [
        {
            "rating": 3,
            "time": "2023-10-17 10:34:50.525650"
        }
    ],
    "exhibition_rating": [
        {
            "rating": 4,
            "time": "2023-10-17 10:34:52.572217"
        }
    ],
    "explicitely_granted_consent": "Yes"
}