{
    "attempt_start_time": "2023-10-22 11:44:00.904745",
    "attempt_count": 1,
    "attempt_dir": "/Users/cccb/Library/CloudStorage/GoogleDrive-elbongoserocccb@gmail.com/My Drive/SavedSessions/session_00000342/Part1_BongosToDrum/attempt_1",
    "tempos": [
        [
            90.0,
            "2023-10-22 11:44:01.006389"
        ]
    ],
    "cleared_to_retry_times": [
        "2023-10-22 11:44:01.010787"
    ],
    "requested_generation_time": "2023-10-22 11:44:23.250016",
    "volumes_at_generation_request": {
        "bongo": 0.5,
        "metronome": 0.5
    },
    "generation_0": {
        "pressed_play_time": [
            "2023-10-22 11:45:19.377942"
        ],
        "rankings": [
            [
                3,
                "2023-10-22 11:45:30.365678"
            ]
        ]
    },
    "generation_1": {
        "pressed_play_time": [
            "2023-10-22 11:45:05.950788"
        ],
        "rankings": [
            [
                3,
                "2023-10-22 11:45:17.584084"
            ]
        ]
    },
    "generation_2": {
        "pressed_play_time": [
            "2023-10-22 11:44:52.126688"
        ],
        "rankings": [
            [
                2,
                "2023-10-22 11:45:04.548370"
            ]
        ]
    },
    "submitted_ratings_time": "2023-10-22 11:45:31.928768",
    "volumes_at_rating_submission": {
        "bongo": 0.5,
        "metronome": 0.25,
        "drum": 0.5
    },
    "removed_hits": []
}