{
    "attempt_start_time": "2023-10-16 11:29:55.097999",
    "attempt_count": 3,
    "attempt_dir": "/Users/cccb/Library/CloudStorage/GoogleDrive-elbongoserocccb@gmail.com/My Drive/SavedSessions/session_00000046/Part2_BongosAlonWithDrums/attempt_003",
    "tempos": [
        [
            103.0,
            "2023-10-16 11:29:55.102041"
        ]
    ],
    "cleared_to_retry_times": [
        "2023-10-16 11:29:55.104557"
    ],
    "groove_submission_time": "2023-10-16 11:30:26.803987",
    "midi_drum_path": [
        [
            "/Users/cccb/Library/CloudStorage/GoogleDrive-elbongoserocccb@gmail.com/My Drive/DrumMidis/Afrobeat/p0000004097__m001__beat__afrobeat__073---075.mid",
            "2023-10-16 11:29:55.101758"
        ]
    ],
    "volumes_at_submission": {
        "bongo": 0.44,
        "metronome": 0.0,
        "drum": 0.35
    },
    "attempt_ended_by": "submission",
    "removed_hits": [],
    "self_assessment_rating": [
        [
            3,
            "2023-10-16 11:30:28.331591"
        ]
    ]
}