{
    "attempt_start_time": "2023-10-17 19:42:17.354783",
    "attempt_count": 1,
    "attempt_dir": "/Users/cccb/Library/CloudStorage/GoogleDrive-elbongoserocccb@gmail.com/My Drive/SavedSessions/session_00000097/Part1_BongosToDrum/attempt_1",
    "tempos": [
        [
            90.0,
            "2023-10-17 19:42:17.455409"
        ]
    ],
    "cleared_to_retry_times": [
        "2023-10-17 19:42:17.456638"
    ],
    "requested_generation_time": "2023-10-17 19:42:17.732634",
    "volumes_at_generation_request": {
        "bongo": 0.5,
        "metronome": 0.5
    },
    "generation_0": {
        "pressed_play_time": [
            "2023-10-17 19:42:23.970382"
        ],
        "rankings": [
            [
                0,
                "2023-10-17 19:42:31.812051"
            ]
        ]
    },
    "generation_1": {
        "pressed_play_time": [
            "2023-10-17 19:42:33.114538"
        ],
        "rankings": [
            [
                0,
                "2023-10-17 19:42:33.663672"
            ]
        ]
    },
    "generation_2": {
        "pressed_play_time": [
            "2023-10-17 19:42:34.479221"
        ],
        "rankings": [
            [
                0,
                "2023-10-17 19:42:35.042070"
            ]
        ]
    },
    "submitted_ratings_time": "2023-10-17 19:42:36.217552",
    "volumes_at_rating_submission": {
        "bongo": 0.5,
        "metronome": 0.25,
        "drum": 0.5
    },
    "removed_hits": []
}