{
    "attempt_start_time": "2023-10-28 15:24:20.160323",
    "attempt_count": 2,
    "attempt_dir": "/Users/cccb/Library/CloudStorage/GoogleDrive-elbongoserocccb@gmail.com/My Drive/SavedSessions/session_00000708--2023-10-28--15-14-50/Part2_BongosAlonWithDrums/attempt_002",
    "tempos": [
        [
            85.0,
            "2023-10-28 15:24:20.165568"
        ]
    ],
    "cleared_to_retry_times": [
        "2023-10-28 15:24:20.166582"
    ],
    "groove_submission_time": "2023-10-28 15:25:06.762971",
    "midi_drum_path": [
        [
            "/Users/cccb/Library/CloudStorage/GoogleDrive-elbongoserocccb@gmail.com/My Drive/DrumMidis/Afrobeat/p0000004102__m001__beat__afrobeat__029---031.mid",
            "2023-10-28 15:24:20.165259"
        ]
    ],
    "volumes_at_submission": {
        "bongo": 0.6,
        "metronome": 0.0,
        "drum": 0.24
    },
    "attempt_ended_by": "submission",
    "removed_hits": [],
    "self_assessment_rating": [
        [
            5,
            "2023-10-28 15:25:08.206721"
        ]
    ]
}