{
    "attempt_start_time": "2023-11-01 11:40:06.713166",
    "attempt_count": 2,
    "attempt_dir": "/Users/cccb/Library/CloudStorage/GoogleDrive-elbongoserocccb@gmail.com/My Drive/SavedSessions/session_00000930--2023-11-01--11-38-44/Part2_BongosAlonWithDrums/attempt_002",
    "tempos": [
        [
            120.0,
            "2023-11-01 11:40:06.719276"
        ]
    ],
    "cleared_to_retry_times": [
        "2023-11-01 11:40:06.720127"
    ],
    "groove_submission_time": "2023-11-01 11:40:19.008799",
    "midi_drum_path": [
        [
            "/Users/cccb/Library/CloudStorage/GoogleDrive-elbongoserocccb@gmail.com/My Drive/DrumMidis/Electronic/939_chicago_promisedland34.mid",
            "2023-11-01 11:40:06.718985"
        ]
    ],
    "volumes_at_submission": {
        "bongo": 0.5,
        "metronome": 0.57,
        "drum": 0.5
    },
    "attempt_ended_by": "submission",
    "removed_hits": [],
    "self_assessment_rating": [
        [
            5,
            "2023-11-01 11:40:21.066691"
        ]
    ]
}