{
    "session_start_time": "2023-10-17 20:25:58.121226",
    "session_count": 111,
    "session_name": "session_00000111",
    "session_dir": "/Users/cccb/Library/CloudStorage/GoogleDrive-elbongoserocccb@gmail.com/My Drive/SavedSessions/session_00000111",
    "session_end_time": "2023-10-17 20:28:37.183568",
    "session_ended_by": "user",
    "level_of_musical_experience": [
        {
            "rating": 2,
            "time": "2023-10-17 20:28:40.238723"
        }
    ],
    "exhibition_rating": [
        {
            "rating": 5,
            "time": "2023-10-17 20:28:42.895284"
        }
    ],
    "explicitely_granted_consent": "Yes"
}