{
    "attempt_start_time": "2023-10-20 14:28:43.935216",
    "attempt_count": 1,
    "attempt_dir": "/Users/cccb/Library/CloudStorage/GoogleDrive-elbongoserocccb@gmail.com/My Drive/SavedSessions/session_00000251/Part1_BongosToDrum/attempt_1",
    "tempos": [
        [
            90.0,
            "2023-10-20 14:28:44.035967"
        ]
    ],
    "cleared_to_retry_times": [
        "2023-10-20 14:28:44.037206"
    ],
    "requested_generation_time": "2023-10-20 14:29:00.376623",
    "volumes_at_generation_request": {
        "bongo": 0.5,
        "metronome": 0.5
    },
    "generation_0": {
        "pressed_play_time": [
            "2023-10-20 14:29:24.017923",
            "2023-10-20 14:29:25.888848"
        ],
        "rankings": [
            [
                2,
                "2023-10-20 14:29:11.924710"
            ]
        ]
    },
    "generation_1": {
        "pressed_play_time": [
            "2023-10-20 14:29:39.034193"
        ],
        "rankings": [
            [
                3,
                "2023-10-20 14:29:46.319063"
            ]
        ]
    },
    "generation_2": {
        "pressed_play_time": [
            "2023-10-20 14:29:48.214025"
        ],
        "rankings": [
            [
                0,
                "2023-10-20 14:29:53.491408"
            ]
        ]
    },
    "submitted_ratings_time": "2023-10-20 14:29:55.016055",
    "volumes_at_rating_submission": {
        "bongo": 0.5,
        "metronome": 0.25,
        "drum": 0.5
    },
    "removed_hits": []
}