{
    "attempt_start_time": "2023-10-19 18:25:29.275500",
    "attempt_count": 1,
    "attempt_dir": "/Users/cccb/Library/CloudStorage/GoogleDrive-elbongoserocccb@gmail.com/My Drive/SavedSessions/session_00000220/Part1_BongosToDrum/attempt_1",
    "tempos": [
        [
            90.0,
            "2023-10-19 18:25:29.376085"
        ],
        [
            88.0,
            "2023-10-19 18:25:46.286961"
        ],
        [
            86.0,
            "2023-10-19 18:26:04.349837"
        ],
        [
            84.0,
            "2023-10-19 18:26:19.653457"
        ],
        [
            82.0,
            "2023-10-19 18:26:20.041243"
        ],
        [
            80.0,
            "2023-10-19 18:26:20.404252"
        ],
        [
            78.0,
            "2023-10-19 18:26:20.718765"
        ],
        [
            76.0,
            "2023-10-19 18:26:21.257188"
        ],
        [
            74.0,
            "2023-10-19 18:26:21.722223"
        ]
    ],
    "cleared_to_retry_times": [
        "2023-10-19 18:25:29.377446",
        "2023-10-19 18:26:24.421951"
    ],
    "requested_generation_time": "2023-10-19 18:26:46.450904",
    "volumes_at_generation_request": {
        "bongo": 0.5,
        "metronome": 0.28
    },
    "generation_0": {
        "pressed_play_time": [
            "2023-10-19 18:27:05.226024"
        ],
        "rankings": [
            [
                2,
                "2023-10-19 18:26:58.652472"
            ]
        ]
    },
    "generation_1": {
        "pressed_play_time": [
            "2023-10-19 18:27:01.956592",
            "2023-10-19 18:27:13.947841"
        ],
        "rankings": [
            [
                1,
                "2023-10-19 18:27:18.542500"
            ]
        ]
    },
    "generation_2": {
        "pressed_play_time": [
            "2023-10-19 18:27:19.776226"
        ],
        "rankings": [
            [
                3,
                "2023-10-19 18:27:24.694113"
            ]
        ]
    },
    "submitted_ratings_time": "2023-10-19 18:27:26.163255",
    "volumes_at_rating_submission": {
        "bongo": 0.5,
        "metronome": 0.25,
        "drum": 0.5
    },
    "removed_hits": []
}