{
    "attempt_start_time": "2023-10-18 18:06:36.914035",
    "attempt_count": 1,
    "attempt_dir": "/Users/cccb/Library/CloudStorage/GoogleDrive-elbongoserocccb@gmail.com/My Drive/SavedSessions/session_00000188/Part1_BongosToDrum/attempt_1",
    "tempos": [
        [
            90.0,
            "2023-10-18 18:06:37.014853"
        ],
        [
            92.0,
            "2023-10-18 18:07:48.725350"
        ],
        [
            94.0,
            "2023-10-18 18:07:55.384780"
        ],
        [
            96.0,
            "2023-10-18 18:08:37.334021"
        ],
        [
            98.0,
            "2023-10-18 18:09:10.055706"
        ]
    ],
    "cleared_to_retry_times": [
        "2023-10-18 18:06:37.015941",
        "2023-10-18 18:08:09.936687",
        "2023-10-18 18:09:23.661692",
        "2023-10-18 18:09:23.986515",
        "2023-10-18 18:09:36.616884",
        "2023-10-18 18:09:40.997312",
        "2023-10-18 18:09:43.198747",
        "2023-10-18 18:09:47.194061",
        "2023-10-18 18:09:55.076992",
        "2023-10-18 18:10:02.481068",
        "2023-10-18 18:10:10.973473"
    ],
    "requested_generation_time": "2023-10-18 18:10:21.682140",
    "volumes_at_generation_request": {
        "bongo": 0.5,
        "metronome": 0.5
    },
    "generation_0": {
        "pressed_play_time": [
            "2023-10-18 18:10:30.717833"
        ],
        "rankings": [
            [
                1,
                "2023-10-18 18:10:36.784997"
            ]
        ]
    },
    "generation_1": {
        "pressed_play_time": [
            "2023-10-18 18:10:39.588464"
        ],
        "rankings": [
            [
                4,
                "2023-10-18 18:10:44.364427"
            ]
        ]
    },
    "generation_2": {
        "pressed_play_time": [
            "2023-10-18 18:10:45.728949"
        ],
        "rankings": [
            [
                3,
                "2023-10-18 18:10:49.093882"
            ]
        ]
    },
    "submitted_ratings_time": "2023-10-18 18:10:49.975226",
    "volumes_at_rating_submission": {
        "bongo": 0.5,
        "metronome": 0.25,
        "drum": 0.5
    },
    "removed_hits": []
}