{
    "session_start_time": "2023-10-26 14:36:50.365625",
    "session_count": 515,
    "session_name": "session_00000515--2023-10-26--14-36-50",
    "session_dir": "/Users/cccb/Library/CloudStorage/GoogleDrive-elbongoserocccb@gmail.com/My Drive/SavedSessions/session_00000515--2023-10-26--14-36-50",
    "session_end_time": "2023-10-26 14:43:14.863689",
    "session_ended_by": "user",
    "level_of_musical_experience": [
        {
            "rating": 3,
            "time": "2023-10-26 14:43:17.277547"
        }
    ],
    "exhibition_rating": [
        {
            "rating": 3,
            "time": "2023-10-26 14:43:16.698316"
        }
    ],
    "explicitely_granted_consent": "Yes"
}