{
    "attempt_start_time": "2023-10-26 14:42:43.754618",
    "attempt_count": 2,
    "attempt_dir": "/Users/cccb/Library/CloudStorage/GoogleDrive-elbongoserocccb@gmail.com/My Drive/SavedSessions/session_00000515--2023-10-26--14-36-50/Part2_BongosAlonWithDrums/attempt_002",
    "tempos": [
        [
            120.0,
            "2023-10-26 14:42:43.759084"
        ]
    ],
    "cleared_to_retry_times": [
        "2023-10-26 14:42:43.760436"
    ],
    "groove_submission_time": "2023-10-26 14:43:07.728973",
    "midi_drum_path": [
        [
            "/Users/cccb/Library/CloudStorage/GoogleDrive-elbongoserocccb@gmail.com/My Drive/DrumMidis/Soul/p0000002029__m003__beat__soul+rnb__001---003.mid",
            "2023-10-26 14:42:43.758771"
        ]
    ],
    "volumes_at_submission": {
        "bongo": 0.5,
        "metronome": 0.0,
        "drum": 0.5
    },
    "attempt_ended_by": "submission",
    "removed_hits": [],
    "self_assessment_rating": [
        [
            5,
            "2023-10-26 14:43:09.259053"
        ]
    ]
}