{
    "attempt_start_time": "2023-10-17 19:06:16.972321",
    "attempt_count": 2,
    "attempt_dir": "/Users/cccb/Library/CloudStorage/GoogleDrive-elbongoserocccb@gmail.com/My Drive/SavedSessions/session_00000088/Part2_BongosAlonWithDrums/attempt_002",
    "tempos": [
        [
            110.0,
            "2023-10-17 19:06:16.977391"
        ]
    ],
    "cleared_to_retry_times": [
        "2023-10-17 19:06:16.978368"
    ],
    "groove_submission_time": "2023-10-17 19:06:47.522686",
    "midi_drum_path": [
        [
            "/Users/cccb/Library/CloudStorage/GoogleDrive-elbongoserocccb@gmail.com/My Drive/DrumMidis/Bossanova/p0000002892__m038__beat__bossanova+funk+world__003---005_extended.mid",
            "2023-10-17 19:06:16.977118"
        ]
    ],
    "volumes_at_submission": {
        "bongo": 0.5,
        "metronome": 0.0,
        "drum": 0.5
    },
    "attempt_ended_by": "submission",
    "removed_hits": [],
    "self_assessment_rating": [
        [
            3,
            "2023-10-17 19:06:52.578968"
        ]
    ]
}