{
    "session_start_time": "2023-11-01 11:38:44.023899",
    "session_count": 930,
    "session_name": "session_00000930--2023-11-01--11-38-44",
    "session_dir": "/Users/cccb/Library/CloudStorage/GoogleDrive-elbongoserocccb@gmail.com/My Drive/SavedSessions/session_00000930--2023-11-01--11-38-44",
    "session_end_time": "2023-11-01 11:40:26.178612",
    "session_ended_by": "user",
    "level_of_musical_experience": [
        {
            "rating": 3,
            "time": "2023-11-01 11:40:31.967306"
        }
    ],
    "exhibition_rating": [
        {
            "rating": 5,
            "time": "2023-11-01 11:40:35.657225"
        }
    ],
    "explicitely_granted_consent": "Yes"
}