{
    "session_start_time": "2023-10-17 19:31:37.470956",
    "session_count": 94,
    "session_name": "session_00000094",
    "session_dir": "/Users/cccb/Library/CloudStorage/GoogleDrive-elbongoserocccb@gmail.com/My Drive/SavedSessions/session_00000094",
    "session_end_time": "2023-10-17 19:34:14.946907",
    "session_ended_by": "user",
    "level_of_musical_experience": [
        {
            "rating": 2,
            "time": "2023-10-17 19:34:18.580592"
        }
    ],
    "exhibition_rating": [
        {
            "rating": 5,
            "time": "2023-10-17 19:34:20.765729"
        }
    ],
    "explicitely_granted_consent": "Yes"
}