{
    "attempt_start_time": "2023-10-27 19:10:52.902698",
    "attempt_count": 1,
    "attempt_dir": "/Users/cccb/Library/CloudStorage/GoogleDrive-elbongoserocccb@gmail.com/My Drive/SavedSessions/session_00000644--2023-10-27--19-08-57/Part1_BongosToDrum/attempt_1",
    "tempos": [
        [
            90.0,
            "2023-10-27 19:10:53.004092"
        ],
        [
            92.0,
            "2023-10-27 19:11:19.681530"
        ],
        [
            94.0,
            "2023-10-27 19:11:21.036210"
        ]
    ],
    "cleared_to_retry_times": [
        "2023-10-27 19:10:53.005365",
        "2023-10-27 19:11:26.322666"
    ],
    "requested_generation_time": "2023-10-27 19:11:57.124540",
    "volumes_at_generation_request": {
        "bongo": 0.74,
        "metronome": 0.5
    },
    "generation_0": {
        "pressed_play_time": [
            "2023-10-27 19:12:10.307978"
        ],
        "rankings": [
            [
                3,
                "2023-10-27 19:12:25.508946"
            ]
        ]
    },
    "generation_1": {
        "pressed_play_time": [
            "2023-10-27 19:12:27.460109",
            "2023-10-27 19:12:53.422625"
        ],
        "rankings": [
            [
                4,
                "2023-10-27 19:12:38.942002"
            ]
        ]
    },
    "generation_2": {
        "pressed_play_time": [
            "2023-10-27 19:12:40.044446",
            "2023-10-27 19:12:56.632200"
        ],
        "rankings": [
            [
                4,
                "2023-10-27 19:13:06.950197"
            ]
        ]
    },
    "submitted_ratings_time": "2023-10-27 19:13:09.378502",
    "volumes_at_rating_submission": {
        "bongo": 0.37,
        "metronome": 0.0,
        "drum": 0.5
    },
    "removed_hits": []
}