{
    "attempt_start_time": "2023-10-29 17:26:33.497498",
    "attempt_count": 2,
    "attempt_dir": "/Users/cccb/Library/CloudStorage/GoogleDrive-elbongoserocccb@gmail.com/My Drive/SavedSessions/session_00000781--2023-10-29--17-23-11/Part2_BongosAlonWithDrums/attempt_002",
    "tempos": [
        [
            93.0,
            "2023-10-29 17:26:33.501138"
        ],
        [
            95.0,
            "2023-10-29 17:27:25.801327"
        ],
        [
            93.0,
            "2023-10-29 17:27:30.652796"
        ]
    ],
    "cleared_to_retry_times": [
        "2023-10-29 17:26:33.502380"
    ],
    "groove_submission_time": "2023-10-29 17:27:43.034940",
    "midi_drum_path": [
        [
            "/Users/cccb/Library/CloudStorage/GoogleDrive-elbongoserocccb@gmail.com/My Drive/DrumMidis/Jazz/p0000003286__m001__beat__jazz__027---029.mid",
            "2023-10-29 17:26:33.500838"
        ]
    ],
    "volumes_at_submission": {
        "bongo": 0.5,
        "metronome": 0.85,
        "drum": 0.5
    },
    "attempt_ended_by": "submission",
    "removed_hits": [],
    "self_assessment_rating": [
        [
            5,
            "2023-10-29 17:27:45.841167"
        ]
    ]
}