{
    "session_start_time": "2023-10-29 18:00:52.835788",
    "session_count": 790,
    "session_name": "session_00000790--2023-10-29--18-00-52",
    "session_dir": "/Users/cccb/Library/CloudStorage/GoogleDrive-elbongoserocccb@gmail.com/My Drive/SavedSessions/session_00000790--2023-10-29--18-00-52",
    "session_end_time": "2023-10-29 18:03:38.538318",
    "session_ended_by": "user",
    "level_of_musical_experience": [
        {
            "rating": 2,
            "time": "2023-10-29 18:03:42.589342"
        }
    ],
    "exhibition_rating": [
        {
            "rating": 5,
            "time": "2023-10-29 18:03:45.839398"
        }
    ],
    "explicitely_granted_consent": "Yes"
}