{
    "session_start_time": "2023-10-26 14:04:33.281710",
    "session_count": 511,
    "session_name": "session_00000511--2023-10-26--14-04-33",
    "session_dir": "/Users/cccb/Library/CloudStorage/GoogleDrive-elbongoserocccb@gmail.com/My Drive/SavedSessions/session_00000511--2023-10-26--14-04-33",
    "session_end_time": "2023-10-26 14:16:29.293657",
    "session_ended_by": "user",
    "level_of_musical_experience": [
        {
            "rating": 3,
            "time": "2023-10-26 14:16:31.258106"
        },
        {
            "rating": 2,
            "time": "2023-10-26 14:16:34.019815"
        }
    ],
    "exhibition_rating": [
        {
            "rating": 4,
            "time": "2023-10-26 14:16:32.525234"
        }
    ],
    "explicitely_granted_consent": "Yes"
}