{
    "attempt_start_time": "2023-10-29 18:01:10.933851",
    "attempt_count": 1,
    "attempt_dir": "/Users/cccb/Library/CloudStorage/GoogleDrive-elbongoserocccb@gmail.com/My Drive/SavedSessions/session_00000790--2023-10-29--18-00-52/Part1_BongosToDrum/attempt_1",
    "tempos": [
        [
            90.0,
            "2023-10-29 18:01:11.034467"
        ],
        [
            92.0,
            "2023-10-29 18:01:33.395652"
        ],
        [
            94.0,
            "2023-10-29 18:01:42.092845"
        ],
        [
            92.0,
            "2023-10-29 18:01:42.713508"
        ]
    ],
    "cleared_to_retry_times": [
        "2023-10-29 18:01:11.035701"
    ],
    "requested_generation_time": "2023-10-29 18:01:47.494404",
    "volumes_at_generation_request": {
        "bongo": 0.64,
        "metronome": 0.82
    },
    "generation_0": {
        "pressed_play_time": [
            "2023-10-29 18:01:53.182225"
        ],
        "rankings": [
            [
                1,
                "2023-10-29 18:01:58.897589"
            ]
        ]
    },
    "generation_1": {
        "pressed_play_time": [
            "2023-10-29 18:01:59.757432"
        ],
        "rankings": [
            [
                2,
                "2023-10-29 18:02:08.742290"
            ]
        ]
    },
    "generation_2": {
        "pressed_play_time": [
            "2023-10-29 18:02:10.315927"
        ],
        "rankings": [
            [
                3,
                "2023-10-29 18:02:20.892881"
            ]
        ]
    },
    "submitted_ratings_time": "2023-10-29 18:02:22.572523",
    "volumes_at_rating_submission": {
        "bongo": 0.62,
        "metronome": 0.72,
        "drum": 0.16
    },
    "removed_hits": []
}