{
    "attempt_start_time": "2023-10-26 15:32:51.046539",
    "attempt_count": 1,
    "attempt_dir": "/Users/cccb/Library/CloudStorage/GoogleDrive-elbongoserocccb@gmail.com/My Drive/SavedSessions/session_00000522--2023-10-26--15-25-27/Part2_BongosAlonWithDrums/attempt_001",
    "tempos": [
        [
            107.0,
            "2023-10-26 15:32:51.055323"
        ],
        [
            109.0,
            "2023-10-26 15:33:37.888396"
        ]
    ],
    "cleared_to_retry_times": [
        "2023-10-26 15:32:51.056297",
        "2023-10-26 15:33:11.684489"
    ],
    "groove_submission_time": "2023-10-26 15:33:52.389488",
    "midi_drum_path": [
        [
            "/Users/cccb/Library/CloudStorage/GoogleDrive-elbongoserocccb@gmail.com/My Drive/DrumMidis/Afrocuban/p0000003523__m001__beat__afrocuban__014---016.mid",
            "2023-10-26 15:32:51.055042"
        ]
    ],
    "volumes_at_submission": {
        "bongo": 0.81,
        "metronome": 0.0,
        "drum": 0.5
    },
    "attempt_ended_by": "submission",
    "removed_hits": [],
    "self_assessment_rating": [
        [
            4,
            "2023-10-26 15:33:55.968374"
        ]
    ]
}