{
    "session_start_time": "2023-10-29 18:09:21.363339",
    "session_count": 793,
    "session_name": "session_00000793--2023-10-29--18-09-21",
    "session_dir": "/Users/cccb/Library/CloudStorage/GoogleDrive-elbongoserocccb@gmail.com/My Drive/SavedSessions/session_00000793--2023-10-29--18-09-21",
    "session_end_time": "2023-10-29 18:12:05.634594",
    "session_ended_by": "user",
    "level_of_musical_experience": [
        {
            "rating": 1,
            "time": "2023-10-29 18:12:08.237043"
        }
    ],
    "exhibition_rating": [
        {
            "rating": 4,
            "time": "2023-10-29 18:12:10.385939"
        }
    ],
    "explicitely_granted_consent": "Yes"
}