{
    "attempt_start_time": "2023-10-31 19:00:31.196221",
    "attempt_count": 2,
    "attempt_dir": "/Users/cccb/Library/CloudStorage/GoogleDrive-elbongoserocccb@gmail.com/My Drive/SavedSessions/session_00000920--2023-10-31--18-58-49/Part1_BongosToDrum/attempt_2",
    "tempos": [
        [
            90.0,
            "2023-10-31 19:00:31.296776"
        ],
        [
            92.0,
            "2023-10-31 19:00:51.772561"
        ],
        [
            94.0,
            "2023-10-31 19:00:55.847679"
        ]
    ],
    "cleared_to_retry_times": [
        "2023-10-31 19:00:31.298016",
        "2023-10-31 19:02:12.217936"
    ],
    "requested_generation_time": "2023-10-31 19:01:31.619737",
    "volumes_at_generation_request": {
        "bongo": 0.5,
        "metronome": 0.5
    },
    "generation_0": {
        "pressed_play_time": [
            "2023-10-31 19:01:47.634704"
        ],
        "rankings": [
            [
                4,
                "2023-10-31 19:01:51.135932"
            ]
        ]
    },
    "generation_1": {
        "pressed_play_time": [
            "2023-10-31 19:01:53.675270"
        ],
        "rankings": [
            [
                2,
                "2023-10-31 19:01:59.120708"
            ]
        ]
    },
    "generation_2": {
        "pressed_play_time": [
            "2023-10-31 19:02:00.322933",
            "2023-10-31 19:02:02.059984"
        ],
        "rankings": [
            [
                3,
                "2023-10-31 19:02:05.538391"
            ],
            [
                1,
                "2023-10-31 19:02:10.344471"
            ]
        ]
    },
    "submitted_ratings_time": "2023-10-31 19:02:12.216374",
    "volumes_at_rating_submission": {
        "bongo": 0.5,
        "metronome": 0.25,
        "drum": 0.5
    },
    "removed_hits": []
}