{
    "attempt_start_time": "2023-10-24 13:19:56.053137",
    "attempt_count": 1,
    "attempt_dir": "/Users/cccb/Library/CloudStorage/GoogleDrive-elbongoserocccb@gmail.com/My Drive/SavedSessions/session_00000423/Part2_BongosAlonWithDrums/attempt_001",
    "tempos": [
        [
            140.0,
            "2023-10-24 13:19:56.056594"
        ]
    ],
    "cleared_to_retry_times": [
        "2023-10-24 13:19:56.057940",
        "2023-10-24 13:20:25.967909"
    ],
    "groove_submission_time": "2023-10-24 13:20:40.809386",
    "midi_drum_path": [
        [
            "/Users/cccb/Library/CloudStorage/GoogleDrive-elbongoserocccb@gmail.com/My Drive/DrumMidis/Rock/p0000003005__m238__beat__rock__001---003.mid",
            "2023-10-24 13:19:56.056298"
        ]
    ],
    "volumes_at_submission": {
        "bongo": 0.5,
        "metronome": 0.0,
        "drum": 0.5
    },
    "attempt_ended_by": "submission",
    "removed_hits": [],
    "self_assessment_rating": [
        [
            2,
            "2023-10-24 13:20:44.389730"
        ]
    ]
}