{
    "attempt_start_time": "2023-10-17 12:31:18.819018",
    "attempt_count": 3,
    "attempt_dir": "/Users/cccb/Library/CloudStorage/GoogleDrive-elbongoserocccb@gmail.com/My Drive/SavedSessions/session_00000076/Part2_BongosAlonWithDrums/attempt_003",
    "tempos": [
        [
            120.0,
            "2023-10-17 12:31:18.822831"
        ]
    ],
    "cleared_to_retry_times": [
        "2023-10-17 12:31:18.823777",
        "2023-10-17 12:31:32.415602"
    ],
    "groove_submission_time": "2023-10-17 12:31:50.923584",
    "midi_drum_path": [
        [
            "/Users/cccb/Library/CloudStorage/GoogleDrive-elbongoserocccb@gmail.com/My Drive/DrumMidis/Jazz/p0000002104__m013__beat__jazz__002---004_extended.mid",
            "2023-10-17 12:31:18.822559"
        ]
    ],
    "volumes_at_submission": {
        "bongo": 0.5,
        "metronome": 0.0,
        "drum": 0.31
    },
    "attempt_ended_by": "submission",
    "removed_hits": [],
    "self_assessment_rating": [
        [
            3,
            "2023-10-17 12:31:51.828446"
        ]
    ]
}