{
    "attempt_start_time": "2023-10-21 13:09:10.250705",
    "attempt_count": 1,
    "attempt_dir": "/Users/cccb/Library/CloudStorage/GoogleDrive-elbongoserocccb@gmail.com/My Drive/SavedSessions/session_00000330/Part1_BongosToDrum/attempt_1",
    "tempos": [
        [
            90.0,
            "2023-10-21 13:09:10.351317"
        ],
        [
            92.0,
            "2023-10-21 13:09:17.020223"
        ],
        [
            94.0,
            "2023-10-21 13:09:29.262139"
        ],
        [
            96.0,
            "2023-10-21 13:09:30.005528"
        ],
        [
            98.0,
            "2023-10-21 13:09:30.485182"
        ],
        [
            100.0,
            "2023-10-21 13:09:30.914560"
        ],
        [
            90.0,
            "2023-10-21 13:09:41.899627"
        ]
    ],
    "cleared_to_retry_times": [
        "2023-10-21 13:09:10.352793"
    ],
    "requested_generation_time": null,
    "volumes_at_generation_request": {
        "bongo": null,
        "metronome": null
    },
    "generation_0": {
        "pressed_play_time": [],
        "rankings": []
    },
    "generation_1": {
        "pressed_play_time": [],
        "rankings": []
    },
    "generation_2": {
        "pressed_play_time": [],
        "rankings": []
    },
    "submitted_ratings_time": null,
    "volumes_at_rating_submission": {
        "bongo": null,
        "metronome": null
    },
    "removed_hits": []
}