{
    "session_start_time": "2023-10-29 18:04:09.370745",
    "session_count": 791,
    "session_name": "session_00000791--2023-10-29--18-04-09",
    "session_dir": "/Users/cccb/Library/CloudStorage/GoogleDrive-elbongoserocccb@gmail.com/My Drive/SavedSessions/session_00000791--2023-10-29--18-04-09",
    "session_end_time": "2023-10-29 18:05:46.161407",
    "session_ended_by": "user",
    "level_of_musical_experience": [
        {
            "rating": 5,
            "time": "2023-10-29 18:05:48.669393"
        },
        {
            "rating": 3,
            "time": "2023-10-29 18:05:53.561163"
        },
        {
            "rating": 3,
            "time": "2023-10-29 18:05:59.032651"
        }
    ],
    "exhibition_rating": [
        {
            "rating": 5,
            "time": "2023-10-29 18:05:55.621557"
        }
    ],
    "explicitely_granted_consent": "Yes"
}