{
    "attempt_start_time": "2023-10-31 17:26:15.006772",
    "attempt_count": 1,
    "attempt_dir": "/Users/cccb/Library/CloudStorage/GoogleDrive-elbongoserocccb@gmail.com/My Drive/SavedSessions/session_00000901--2023-10-31--17-23-18/Part2_BongosAlonWithDrums/attempt_001",
    "tempos": [
        [
            120.0,
            "2023-10-31 17:26:15.009947"
        ]
    ],
    "cleared_to_retry_times": [
        "2023-10-31 17:26:15.010947",
        "2023-10-31 17:26:45.339765"
    ],
    "groove_submission_time": "2023-10-31 17:26:55.097996",
    "midi_drum_path": [
        [
            "/Users/cccb/Library/CloudStorage/GoogleDrive-elbongoserocccb@gmail.com/My Drive/DrumMidis/Disco/p0000002215__m013__beat__indie+disco__000---002.mid",
            "2023-10-31 17:26:15.009636"
        ]
    ],
    "volumes_at_submission": {
        "bongo": 0.5,
        "metronome": 0.0,
        "drum": 0.5
    },
    "attempt_ended_by": "submission",
    "removed_hits": [],
    "self_assessment_rating": [
        [
            2,
            "2023-10-31 17:27:02.810672"
        ]
    ]
}