{
    "session_start_time": "2023-10-19 18:23:20.234014",
    "session_count": 220,
    "session_name": "session_00000220",
    "session_dir": "/Users/cccb/Library/CloudStorage/GoogleDrive-elbongoserocccb@gmail.com/My Drive/SavedSessions/session_00000220",
    "session_end_time": "2023-10-19 18:32:45.362757",
    "session_ended_by": "user",
    "level_of_musical_experience": [
        {
            "rating": 2,
            "time": "2023-10-19 18:32:48.225171"
        }
    ],
    "exhibition_rating": [
        {
            "rating": 3,
            "time": "2023-10-19 18:32:50.882106"
        }
    ],
    "explicitely_granted_consent": "Yes"
}