{
    "attempt_start_time": "2023-10-19 18:29:25.568683",
    "attempt_count": 2,
    "attempt_dir": "/Users/cccb/Library/CloudStorage/GoogleDrive-elbongoserocccb@gmail.com/My Drive/SavedSessions/session_00000220/Part2_BongosAlonWithDrums/attempt_002",
    "tempos": [
        [
            120.0,
            "2023-10-19 18:29:25.571218"
        ]
    ],
    "cleared_to_retry_times": [
        "2023-10-19 18:29:25.572295"
    ],
    "groove_submission_time": "2023-10-19 18:30:16.957431",
    "midi_drum_path": [
        [
            "/Users/cccb/Library/CloudStorage/GoogleDrive-elbongoserocccb@gmail.com/My Drive/DrumMidis/Electronic/590_chicago_moveyourbody6.mid",
            "2023-10-19 18:29:25.570938"
        ]
    ],
    "volumes_at_submission": {
        "bongo": 0.5,
        "metronome": 0.0,
        "drum": 0.5
    },
    "attempt_ended_by": "submission",
    "removed_hits": [],
    "self_assessment_rating": [
        [
            4,
            "2023-10-19 18:30:19.458450"
        ]
    ]
}