{
    "session_start_time": "2023-11-01 19:11:59.058308",
    "session_count": 1030,
    "session_name": "session_00001030--2023-11-01--19-11-59",
    "session_dir": "/Users/cccb/Library/CloudStorage/GoogleDrive-elbongoserocccb@gmail.com/My Drive/SavedSessions/session_00001030--2023-11-01--19-11-59",
    "session_end_time": "2023-11-01 19:13:10.386007",
    "session_ended_by": "timeout",
    "level_of_musical_experience": [],
    "exhibition_rating": [],
    "explicitely_granted_consent": "AssumedFalseAsTimedOut"
}