{
    "attempt_start_time": "2023-10-24 18:00:22.270508",
    "attempt_count": 2,
    "attempt_dir": "/Users/cccb/Library/CloudStorage/GoogleDrive-elbongoserocccb@gmail.com/My Drive/SavedSessions/session_00000466/Part2_BongosAlonWithDrums/attempt_002",
    "tempos": [
        [
            120.0,
            "2023-10-24 18:00:22.274619"
        ]
    ],
    "cleared_to_retry_times": [
        "2023-10-24 18:00:22.275858"
    ],
    "groove_submission_time": "2023-10-24 18:00:45.582552",
    "midi_drum_path": [
        [
            "/Users/cccb/Library/CloudStorage/GoogleDrive-elbongoserocccb@gmail.com/My Drive/DrumMidis/Rock/p0000002939__m175__beat__rock__003---005_extended.mid",
            "2023-10-24 18:00:22.274329"
        ]
    ],
    "volumes_at_submission": {
        "bongo": 0.5,
        "metronome": 0.0,
        "drum": 0.5
    },
    "attempt_ended_by": "submission",
    "removed_hits": [],
    "self_assessment_rating": [
        [
            5,
            "2023-10-24 18:00:48.581124"
        ],
        [
            4,
            "2023-10-24 18:00:50.250029"
        ]
    ]
}