{
    "attempt_start_time": "2023-10-29 18:11:32.856611",
    "attempt_count": 3,
    "attempt_dir": "/Users/cccb/Library/CloudStorage/GoogleDrive-elbongoserocccb@gmail.com/My Drive/SavedSessions/session_00000793--2023-10-29--18-09-21/Part2_BongosAlonWithDrums/attempt_003",
    "tempos": [
        [
            120.0,
            "2023-10-29 18:11:32.860945"
        ]
    ],
    "cleared_to_retry_times": [
        "2023-10-29 18:11:32.861904"
    ],
    "groove_submission_time": "2023-10-29 18:11:44.860871",
    "midi_drum_path": [
        [
            "/Users/cccb/Library/CloudStorage/GoogleDrive-elbongoserocccb@gmail.com/My Drive/DrumMidis/Electronic/1367_techno_grindinganalogue01.mid",
            "2023-10-29 18:11:32.860657"
        ]
    ],
    "volumes_at_submission": {
        "bongo": 0.5,
        "metronome": 0.56,
        "drum": 0.31
    },
    "attempt_ended_by": "submission",
    "removed_hits": [],
    "self_assessment_rating": [
        [
            5,
            "2023-10-29 18:11:46.484898"
        ]
    ]
}