{
    "attempt_start_time": "2023-10-21 13:11:12.834615",
    "attempt_count": 3,
    "attempt_dir": "/Users/cccb/Library/CloudStorage/GoogleDrive-elbongoserocccb@gmail.com/My Drive/SavedSessions/session_00000330/Part1_BongosToDrum/attempt_3",
    "tempos": [
        [
            94.0,
            "2023-10-21 13:11:12.936297"
        ]
    ],
    "cleared_to_retry_times": [
        "2023-10-21 13:11:12.937564",
        "2023-10-21 13:11:33.076901"
    ],
    "requested_generation_time": "2023-10-21 13:11:50.312150",
    "volumes_at_generation_request": {
        "bongo": 0.5,
        "metronome": 0.65
    },
    "generation_0": {
        "pressed_play_time": [
            "2023-10-21 13:11:55.750119"
        ],
        "rankings": [
            [
                3,
                "2023-10-21 13:12:01.144775"
            ]
        ]
    },
    "generation_1": {
        "pressed_play_time": [
            "2023-10-21 13:12:03.112558"
        ],
        "rankings": [
            [
                2,
                "2023-10-21 13:12:06.671500"
            ]
        ]
    },
    "generation_2": {
        "pressed_play_time": [
            "2023-10-21 13:12:08.644897"
        ],
        "rankings": [
            [
                2,
                "2023-10-21 13:12:11.158876"
            ]
        ]
    },
    "submitted_ratings_time": "2023-10-21 13:12:12.385559",
    "volumes_at_rating_submission": {
        "bongo": 0.5,
        "metronome": 0.25,
        "drum": 0.5
    },
    "removed_hits": []
}