{
    "session_start_time": "2023-10-24 18:34:46.756226",
    "session_count": 472,
    "session_name": "session_00000472",
    "session_dir": "/Users/cccb/Library/CloudStorage/GoogleDrive-elbongoserocccb@gmail.com/My Drive/SavedSessions/session_00000472",
    "session_end_time": "2023-10-24 18:40:03.018898",
    "session_ended_by": "user",
    "level_of_musical_experience": [
        {
            "rating": 3,
            "time": "2023-10-24 18:40:13.178840"
        }
    ],
    "exhibition_rating": [
        {
            "rating": 5,
            "time": "2023-10-24 18:40:16.116853"
        }
    ],
    "explicitely_granted_consent": "Yes"
}