{
    "attempt_start_time": "2023-10-24 15:36:10.651371",
    "attempt_count": 2,
    "attempt_dir": "/Users/cccb/Library/CloudStorage/GoogleDrive-elbongoserocccb@gmail.com/My Drive/SavedSessions/session_00000439/Part2_BongosAlonWithDrums/attempt_002",
    "tempos": [
        [
            120.0,
            "2023-10-24 15:36:10.657198"
        ]
    ],
    "cleared_to_retry_times": [
        "2023-10-24 15:36:10.658222"
    ],
    "groove_submission_time": "2023-10-24 15:36:30.659889",
    "midi_drum_path": [
        [
            "/Users/cccb/Library/CloudStorage/GoogleDrive-elbongoserocccb@gmail.com/My Drive/DrumMidis/Electronic/427_chicago_lovecantturnaround32.mid",
            "2023-10-24 15:36:10.656893"
        ]
    ],
    "volumes_at_submission": {
        "bongo": 0.5,
        "metronome": 0.0,
        "drum": 0.5
    },
    "attempt_ended_by": "submission",
    "removed_hits": [],
    "self_assessment_rating": [
        [
            5,
            "2023-10-24 15:36:32.242616"
        ]
    ]
}