{
    "attempt_start_time": "2023-10-17 20:27:48.545685",
    "attempt_count": 1,
    "attempt_dir": "/Users/cccb/Library/CloudStorage/GoogleDrive-elbongoserocccb@gmail.com/My Drive/SavedSessions/session_00000111/Part2_BongosAlonWithDrums/attempt_001",
    "tempos": [
        [
            93.0,
            "2023-10-17 20:27:48.551783"
        ]
    ],
    "cleared_to_retry_times": [
        "2023-10-17 20:27:48.552941"
    ],
    "groove_submission_time": "2023-10-17 20:28:29.474983",
    "midi_drum_path": [
        [
            "/Users/cccb/Library/CloudStorage/GoogleDrive-elbongoserocccb@gmail.com/My Drive/DrumMidis/Afrobeat/p0000004083__m001__beat__afrobeat__004---006.mid",
            "2023-10-17 20:27:48.551497"
        ]
    ],
    "volumes_at_submission": {
        "bongo": 0.5,
        "metronome": 0.0,
        "drum": 0.5
    },
    "attempt_ended_by": "submission",
    "removed_hits": [],
    "self_assessment_rating": [
        [
            2,
            "2023-10-17 20:28:32.499252"
        ]
    ]
}