{
    "attempt_start_time": "2023-10-24 13:20:47.305053",
    "attempt_count": 2,
    "attempt_dir": "/Users/cccb/Library/CloudStorage/GoogleDrive-elbongoserocccb@gmail.com/My Drive/SavedSessions/session_00000423/Part2_BongosAlonWithDrums/attempt_002",
    "tempos": [
        [
            120.0,
            "2023-10-24 13:20:47.309063"
        ]
    ],
    "cleared_to_retry_times": [
        "2023-10-24 13:20:47.310513"
    ],
    "groove_submission_time": "2023-10-24 13:20:57.101410",
    "midi_drum_path": [
        [
            "/Users/cccb/Library/CloudStorage/GoogleDrive-elbongoserocccb@gmail.com/My Drive/DrumMidis/Soul/p0000001796__m011__beat__soul__002---004_extended.mid",
            "2023-10-24 13:20:47.308737"
        ]
    ],
    "volumes_at_submission": {
        "bongo": 0.5,
        "metronome": 0.0,
        "drum": 0.5
    },
    "attempt_ended_by": "submission",
    "removed_hits": [],
    "self_assessment_rating": [
        [
            5,
            "2023-10-24 13:20:58.813735"
        ]
    ]
}