{
    "session_start_time": "2023-10-21 13:02:23.117433",
    "session_count": 328,
    "session_name": "session_00000328",
    "session_dir": "/Users/cccb/Library/CloudStorage/GoogleDrive-elbongoserocccb@gmail.com/My Drive/SavedSessions/session_00000328",
    "session_end_time": "2023-10-21 13:05:55.514943",
    "session_ended_by": "user",
    "level_of_musical_experience": [
        {
            "rating": 1,
            "time": "2023-10-21 13:06:00.840149"
        },
        {
            "rating": 2,
            "time": "2023-10-21 13:06:01.757841"
        }
    ],
    "exhibition_rating": [
        {
            "rating": 1,
            "time": "2023-10-21 13:06:05.154867"
        }
    ],
    "explicitely_granted_consent": "Yes"
}