{
    "attempt_start_time": "2023-10-22 17:42:29.473073",
    "attempt_count": 3,
    "attempt_dir": "/Users/cccb/Library/CloudStorage/GoogleDrive-elbongoserocccb@gmail.com/My Drive/SavedSessions/session_00000390/Part1_BongosToDrum/attempt_3",
    "tempos": [
        [
            90.0,
            "2023-10-22 17:42:29.574998"
        ],
        [
            90.0,
            "2023-10-22 17:42:58.334494"
        ]
    ],
    "cleared_to_retry_times": [
        "2023-10-22 17:42:29.579032",
        "2023-10-22 17:42:37.112941"
    ],
    "requested_generation_time": null,
    "volumes_at_generation_request": {
        "bongo": null,
        "metronome": null
    },
    "generation_0": {
        "pressed_play_time": [],
        "rankings": []
    },
    "generation_1": {
        "pressed_play_time": [],
        "rankings": []
    },
    "generation_2": {
        "pressed_play_time": [],
        "rankings": []
    },
    "submitted_ratings_time": null,
    "volumes_at_rating_submission": {
        "bongo": null,
        "metronome": null
    },
    "removed_hits": []
}