{
    "attempt_start_time": "2023-10-20 19:31:57.461408",
    "attempt_count": 1,
    "attempt_dir": "/Users/cccb/Library/CloudStorage/GoogleDrive-elbongoserocccb@gmail.com/My Drive/SavedSessions/session_00000298/Part2_BongosAlonWithDrums/attempt_001",
    "tempos": [
        [
            110.0,
            "2023-10-20 19:31:57.466308"
        ]
    ],
    "cleared_to_retry_times": [
        "2023-10-20 19:31:57.467208"
    ],
    "groove_submission_time": "2023-10-20 19:32:18.681164",
    "midi_drum_path": [
        [
            "/Users/cccb/Library/CloudStorage/GoogleDrive-elbongoserocccb@gmail.com/My Drive/DrumMidis/Funk/p0000002892__m037__beat__bossanova+funk+world__001---003.mid",
            "2023-10-20 19:31:57.466029"
        ]
    ],
    "volumes_at_submission": {
        "bongo": 0.5,
        "metronome": 0.0,
        "drum": 0.5
    },
    "attempt_ended_by": "submission",
    "removed_hits": [],
    "self_assessment_rating": [
        [
            4,
            "2023-10-20 19:32:21.840798"
        ]
    ]
}