{
    "attempt_start_time": "2023-10-17 19:56:18.378277",
    "attempt_count": 1,
    "attempt_dir": "/Users/cccb/Library/CloudStorage/GoogleDrive-elbongoserocccb@gmail.com/My Drive/SavedSessions/session_00000101/Part1_BongosToDrum/attempt_1",
    "tempos": [
        [
            90.0,
            "2023-10-17 19:56:18.479409"
        ]
    ],
    "cleared_to_retry_times": [
        "2023-10-17 19:56:18.480987"
    ],
    "requested_generation_time": "2023-10-17 19:56:32.821889",
    "volumes_at_generation_request": {
        "bongo": 0.5,
        "metronome": 0.5
    },
    "generation_0": {
        "pressed_play_time": [
            "2023-10-17 19:56:38.917038"
        ],
        "rankings": [
            [
                1,
                "2023-10-17 19:56:44.401047"
            ]
        ]
    },
    "generation_1": {
        "pressed_play_time": [
            "2023-10-17 19:56:46.674119"
        ],
        "rankings": [
            [
                2,
                "2023-10-17 19:56:54.514594"
            ]
        ]
    },
    "generation_2": {
        "pressed_play_time": [
            "2023-10-17 19:56:55.643733"
        ],
        "rankings": [
            [
                2,
                "2023-10-17 19:57:03.566152"
            ]
        ]
    },
    "submitted_ratings_time": "2023-10-17 19:57:04.570615",
    "volumes_at_rating_submission": {
        "bongo": 0.5,
        "metronome": 0.25,
        "drum": 0.5
    },
    "removed_hits": []
}