{
    "session_start_time": "2023-10-20 14:22:55.736012",
    "session_count": 251,
    "session_name": "session_00000251",
    "session_dir": "/Users/cccb/Library/CloudStorage/GoogleDrive-elbongoserocccb@gmail.com/My Drive/SavedSessions/session_00000251",
    "session_end_time": "2023-10-20 14:31:15.726834",
    "session_ended_by": "user",
    "level_of_musical_experience": [
        {
            "rating": 4,
            "time": "2023-10-20 14:31:22.028337"
        }
    ],
    "exhibition_rating": [
        {
            "rating": 3,
            "time": "2023-10-20 14:31:25.737014"
        }
    ],
    "explicitely_granted_consent": "Yes"
}