{
    "attempt_start_time": "2023-11-01 15:59:09.704449",
    "attempt_count": 1,
    "attempt_dir": "/Users/cccb/Library/CloudStorage/GoogleDrive-elbongoserocccb@gmail.com/My Drive/SavedSessions/session_00000985--2023-11-01--15-59-05/Part1_BongosToDrum/attempt_1",
    "tempos": [
        [
            90.0,
            "2023-11-01 15:59:09.805509"
        ],
        [
            92.0,
            "2023-11-01 15:59:17.807904"
        ],
        [
            94.0,
            "2023-11-01 15:59:19.639007"
        ],
        [
            96.0,
            "2023-11-01 15:59:23.501071"
        ],
        [
            98.0,
            "2023-11-01 15:59:28.363107"
        ],
        [
            100.0,
            "2023-11-01 15:59:30.306661"
        ],
        [
            102.0,
            "2023-11-01 15:59:31.009559"
        ],
        [
            104.0,
            "2023-11-01 15:59:34.827162"
        ],
        [
            106.0,
            "2023-11-01 15:59:36.600273"
        ],
        [
            108.0,
            "2023-11-01 15:59:38.474736"
        ]
    ],
    "cleared_to_retry_times": [
        "2023-11-01 15:59:09.806718",
        "2023-11-01 16:01:50.415606"
    ],
    "requested_generation_time": "2023-11-01 16:01:06.250018",
    "volumes_at_generation_request": {
        "bongo": 0.6,
        "metronome": 0.3
    },
    "generation_0": {
        "pressed_play_time": [
            "2023-11-01 16:01:14.566889"
        ],
        "rankings": [
            [
                3,
                "2023-11-01 16:01:24.713786"
            ]
        ]
    },
    "generation_1": {
        "pressed_play_time": [
            "2023-11-01 16:01:25.982941"
        ],
        "rankings": [
            [
                3,
                "2023-11-01 16:01:36.443946"
            ]
        ]
    },
    "generation_2": {
        "pressed_play_time": [
            "2023-11-01 16:01:37.621768"
        ],
        "rankings": [
            [
                3,
                "2023-11-01 16:01:48.540509"
            ],
            [
                2,
                "2023-11-01 16:01:49.557671"
            ]
        ]
    },
    "submitted_ratings_time": "2023-11-01 16:01:50.414029",
    "volumes_at_rating_submission": {
        "bongo": 0.5,
        "metronome": 0.25,
        "drum": 0.5
    },
    "removed_hits": []
}