{
    "session_start_time": "2023-10-19 18:55:03.792416",
    "session_count": 227,
    "session_name": "session_00000227",
    "session_dir": "/Users/cccb/Library/CloudStorage/GoogleDrive-elbongoserocccb@gmail.com/My Drive/SavedSessions/session_00000227",
    "session_end_time": "2023-10-19 18:57:04.823817",
    "session_ended_by": "user",
    "level_of_musical_experience": [
        {
            "rating": 2,
            "time": "2023-10-19 18:57:08.496481"
        }
    ],
    "exhibition_rating": [
        {
            "rating": 4,
            "time": "2023-10-19 18:57:12.690894"
        }
    ],
    "explicitely_granted_consent": "Yes"
}