{
    "session_start_time": "2023-10-24 18:40:39.317816",
    "session_count": 473,
    "session_name": "session_00000473",
    "session_dir": "/Users/cccb/Library/CloudStorage/GoogleDrive-elbongoserocccb@gmail.com/My Drive/SavedSessions/session_00000473",
    "session_end_time": "2023-10-24 18:43:53.913713",
    "session_ended_by": "user",
    "level_of_musical_experience": [
        {
            "rating": 3,
            "time": "2023-10-24 18:43:56.353971"
        }
    ],
    "exhibition_rating": [
        {
            "rating": 5,
            "time": "2023-10-24 18:43:57.277654"
        }
    ],
    "explicitely_granted_consent": "Yes"
}