{
    "attempt_start_time": "2023-10-24 18:47:22.713005",
    "attempt_count": 2,
    "attempt_dir": "/Users/cccb/Library/CloudStorage/GoogleDrive-elbongoserocccb@gmail.com/My Drive/SavedSessions/session_00000474/Part2_BongosAlonWithDrums/attempt_002",
    "tempos": [
        [
            120.0,
            "2023-10-24 18:47:22.718601"
        ],
        [
            122.0,
            "2023-10-24 18:47:35.409546"
        ]
    ],
    "cleared_to_retry_times": [
        "2023-10-24 18:47:22.719667"
    ],
    "groove_submission_time": "2023-10-24 18:47:36.311590",
    "midi_drum_path": [
        [
            "/Users/cccb/Library/CloudStorage/GoogleDrive-elbongoserocccb@gmail.com/My Drive/DrumMidis/Electronic/939_chicago_promisedland34.mid",
            "2023-10-24 18:47:22.718232"
        ]
    ],
    "volumes_at_submission": {
        "bongo": 0.5,
        "metronome": 0.0,
        "drum": 0.5
    },
    "attempt_ended_by": "submission",
    "removed_hits": [],
    "self_assessment_rating": [
        [
            3,
            "2023-10-24 18:47:37.964963"
        ]
    ]
}