{
    "attempt_start_time": "2023-10-16 11:28:36.724154",
    "attempt_count": 1,
    "attempt_dir": "/Users/cccb/Library/CloudStorage/GoogleDrive-elbongoserocccb@gmail.com/My Drive/SavedSessions/session_00000046/Part1_BongosToDrum/attempt_1",
    "tempos": [
        [
            90.0,
            "2023-10-16 11:28:36.825791"
        ]
    ],
    "cleared_to_retry_times": [
        "2023-10-16 11:28:36.829948",
        "2023-10-16 11:28:39.821045"
    ],
    "requested_generation_time": "2023-10-16 11:28:47.407102",
    "volumes_at_generation_request": {
        "bongo": 0.5,
        "metronome": 0.5
    },
    "generation_0": {
        "pressed_play_time": [
            "2023-10-16 11:28:51.600034"
        ],
        "rankings": [
            [
                2,
                "2023-10-16 11:28:56.009540"
            ]
        ]
    },
    "generation_1": {
        "pressed_play_time": [
            "2023-10-16 11:28:56.737628"
        ],
        "rankings": [
            [
                1,
                "2023-10-16 11:28:58.272129"
            ]
        ]
    },
    "generation_2": {
        "pressed_play_time": [
            "2023-10-16 11:28:59.152958"
        ],
        "rankings": [
            [
                3,
                "2023-10-16 11:28:59.762307"
            ]
        ]
    },
    "submitted_ratings_time": "2023-10-16 11:29:00.454835",
    "volumes_at_rating_submission": {
        "bongo": 0.5,
        "metronome": 0.0,
        "drum": 0.5
    },
    "removed_hits": []
}