{
    "attempt_start_time": "2023-10-24 15:54:30.367950",
    "attempt_count": 2,
    "attempt_dir": "/Users/cccb/Library/CloudStorage/GoogleDrive-elbongoserocccb@gmail.com/My Drive/SavedSessions/session_00000442/Part2_BongosAlonWithDrums/attempt_002",
    "tempos": [
        [
            130.0,
            "2023-10-24 15:54:30.373127"
        ]
    ],
    "cleared_to_retry_times": [
        "2023-10-24 15:54:30.374184"
    ],
    "groove_submission_time": "2023-10-24 15:54:42.518991",
    "midi_drum_path": [
        [
            "/Users/cccb/Library/CloudStorage/GoogleDrive-elbongoserocccb@gmail.com/My Drive/DrumMidis/Rock/p0000002969__m142__beat__rock__002---004.mid",
            "2023-10-24 15:54:30.372782"
        ]
    ],
    "volumes_at_submission": {
        "bongo": 0.5,
        "metronome": 0.0,
        "drum": 0.5
    },
    "attempt_ended_by": "submission",
    "removed_hits": [],
    "self_assessment_rating": [
        [
            2,
            "2023-10-24 15:54:45.049136"
        ]
    ]
}