{
    "attempt_start_time": "2023-10-17 12:30:26.436598",
    "attempt_count": 1,
    "attempt_dir": "/Users/cccb/Library/CloudStorage/GoogleDrive-elbongoserocccb@gmail.com/My Drive/SavedSessions/session_00000076/Part2_BongosAlonWithDrums/attempt_001",
    "tempos": [
        [
            89.0,
            "2023-10-17 12:30:26.442447"
        ]
    ],
    "cleared_to_retry_times": [
        "2023-10-17 12:30:26.443518"
    ],
    "groove_submission_time": "2023-10-17 12:30:49.972118",
    "midi_drum_path": [
        [
            "/Users/cccb/Library/CloudStorage/GoogleDrive-elbongoserocccb@gmail.com/My Drive/DrumMidis/Afrobeat/p0000004072__m001__beat__afrobeat__044---046.mid",
            "2023-10-17 12:30:26.442141"
        ]
    ],
    "volumes_at_submission": {
        "bongo": 0.5,
        "metronome": 0.0,
        "drum": 0.31
    },
    "attempt_ended_by": "submission",
    "removed_hits": [],
    "self_assessment_rating": [
        [
            3,
            "2023-10-17 12:30:54.396726"
        ]
    ]
}