{
    "attempt_start_time": "2023-10-24 18:42:08.341936",
    "attempt_count": 2,
    "attempt_dir": "/Users/cccb/Library/CloudStorage/GoogleDrive-elbongoserocccb@gmail.com/My Drive/SavedSessions/session_00000473/Part2_BongosAlonWithDrums/attempt_002",
    "tempos": [
        [
            96.0,
            "2023-10-24 18:42:08.347361"
        ]
    ],
    "cleared_to_retry_times": [
        "2023-10-24 18:42:08.348421"
    ],
    "groove_submission_time": "2023-10-24 18:42:33.096103",
    "midi_drum_path": [
        [
            "/Users/cccb/Library/CloudStorage/GoogleDrive-elbongoserocccb@gmail.com/My Drive/DrumMidis/Soul/p0000003682__m001__beat__soul__047---049.mid",
            "2023-10-24 18:42:08.347067"
        ]
    ],
    "volumes_at_submission": {
        "bongo": 0.22,
        "metronome": 0.0,
        "drum": 0.32
    },
    "attempt_ended_by": "submission",
    "removed_hits": [],
    "self_assessment_rating": [
        [
            5,
            "2023-10-24 18:42:35.217979"
        ]
    ]
}