{
    "attempt_start_time": "2023-11-01 18:03:21.379017",
    "attempt_count": 1,
    "attempt_dir": "/Users/cccb/Library/CloudStorage/GoogleDrive-elbongoserocccb@gmail.com/My Drive/SavedSessions/session_00001015--2023-11-01--18-01-44/Part2_BongosAlonWithDrums/attempt_001",
    "tempos": [
        [
            148.0,
            "2023-11-01 18:03:21.384393"
        ]
    ],
    "cleared_to_retry_times": [
        "2023-11-01 18:03:21.385244"
    ],
    "groove_submission_time": "2023-11-01 18:03:36.929372",
    "midi_drum_path": [
        [
            "/Users/cccb/Library/CloudStorage/GoogleDrive-elbongoserocccb@gmail.com/My Drive/DrumMidis/Soul/p0000003846__m001__beat__soul__039---041.mid",
            "2023-11-01 18:03:21.384107"
        ]
    ],
    "volumes_at_submission": {
        "bongo": 0.5,
        "metronome": 0.0,
        "drum": 0.5
    },
    "attempt_ended_by": "submission",
    "removed_hits": [],
    "self_assessment_rating": [
        [
            3,
            "2023-11-01 18:03:40.226394"
        ]
    ]
}