{
    "attempt_start_time": "2023-10-24 15:35:51.927330",
    "attempt_count": 1,
    "attempt_dir": "/Users/cccb/Library/CloudStorage/GoogleDrive-elbongoserocccb@gmail.com/My Drive/SavedSessions/session_00000439/Part2_BongosAlonWithDrums/attempt_001",
    "tempos": [
        [
            120.0,
            "2023-10-24 15:35:51.932318"
        ]
    ],
    "cleared_to_retry_times": [
        "2023-10-24 15:35:51.933426"
    ],
    "groove_submission_time": "2023-10-24 15:36:07.161080",
    "midi_drum_path": [
        [
            "/Users/cccb/Library/CloudStorage/GoogleDrive-elbongoserocccb@gmail.com/My Drive/DrumMidis/Electronic/678_chicago_moveyourbody94.mid",
            "2023-10-24 15:35:51.932010"
        ]
    ],
    "volumes_at_submission": {
        "bongo": 0.5,
        "metronome": 0.0,
        "drum": 0.5
    },
    "attempt_ended_by": "submission",
    "removed_hits": [],
    "self_assessment_rating": [
        [
            5,
            "2023-10-24 15:36:09.071041"
        ]
    ]
}