{
    "attempt_start_time": "2023-10-31 12:46:03.382545",
    "attempt_count": 1,
    "attempt_dir": "/Users/cccb/Library/CloudStorage/GoogleDrive-elbongoserocccb@gmail.com/My Drive/SavedSessions/session_00000862--2023-10-31--12-40-45/Part2_BongosAlonWithDrums/attempt_001",
    "tempos": [
        [
            120.0,
            "2023-10-31 12:46:03.387534"
        ],
        [
            118.0,
            "2023-10-31 12:46:44.171605"
        ],
        [
            116.0,
            "2023-10-31 12:46:46.477051"
        ],
        [
            114.0,
            "2023-10-31 12:46:47.125563"
        ],
        [
            116.0,
            "2023-10-31 12:47:29.881331"
        ],
        [
            121.0,
            "2023-10-31 12:47:30.085116"
        ],
        [
            126.0,
            "2023-10-31 12:47:30.338517"
        ],
        [
            131.0,
            "2023-10-31 12:47:30.552239"
        ],
        [
            136.0,
            "2023-10-31 12:47:30.727686"
        ],
        [
            141.0,
            "2023-10-31 12:47:30.888622"
        ],
        [
            146.0,
            "2023-10-31 12:47:31.052440"
        ],
        [
            150.0,
            "2023-10-31 12:47:31.157883"
        ],
        [
            148.0,
            "2023-10-31 12:48:01.781074"
        ],
        [
            146.0,
            "2023-10-31 12:48:03.203484"
        ]
    ],
    "cleared_to_retry_times": [
        "2023-10-31 12:46:03.388933",
        "2023-10-31 12:46:28.949693",
        "2023-10-31 12:46:40.491856",
        "2023-10-31 12:46:54.422836",
        "2023-10-31 12:46:55.706954",
        "2023-10-31 12:47:17.725186",
        "2023-10-31 12:47:23.079821",
        "2023-10-31 12:47:23.423627",
        "2023-10-31 12:47:28.084498",
        "2023-10-31 12:47:28.321918",
        "2023-10-31 12:47:59.581281",
        "2023-10-31 12:48:00.112426",
        "2023-10-31 12:48:22.828605",
        "2023-10-31 12:48:23.030169",
        "2023-10-31 12:48:26.677504",
        "2023-10-31 12:48:27.270545"
    ],
    "groove_submission_time": "2023-10-31 12:48:41.439083",
    "midi_drum_path": [
        [
            "/Users/cccb/Library/CloudStorage/GoogleDrive-elbongoserocccb@gmail.com/My Drive/DrumMidis/Disco/p0000001898__m002__beat__disco__000---002.mid",
            "2023-10-31 12:46:03.387203"
        ]
    ],
    "volumes_at_submission": {
        "bongo": 0.5,
        "metronome": 0.0,
        "drum": 0.5
    },
    "attempt_ended_by": "submission",
    "removed_hits": [],
    "self_assessment_rating": [
        [
            2,
            "2023-10-31 12:48:44.406502"
        ],
        [
            2,
            "2023-10-31 12:48:45.774732"
        ]
    ]
}