{
    "attempt_start_time": "2023-10-19 18:31:31.579769",
    "attempt_count": 5,
    "attempt_dir": "/Users/cccb/Library/CloudStorage/GoogleDrive-elbongoserocccb@gmail.com/My Drive/SavedSessions/session_00000220/Part2_BongosAlonWithDrums/attempt_005",
    "tempos": [
        [
            110.0,
            "2023-10-19 18:31:31.583913"
        ]
    ],
    "cleared_to_retry_times": [
        "2023-10-19 18:31:31.584855"
    ],
    "groove_submission_time": "2023-10-19 18:32:31.168301",
    "midi_drum_path": [
        [
            "/Users/cccb/Library/CloudStorage/GoogleDrive-elbongoserocccb@gmail.com/My Drive/DrumMidis/Bossanova/p0000002896__m111__beat__bossanova+world__001---003_extended.mid",
            "2023-10-19 18:31:31.583623"
        ]
    ],
    "volumes_at_submission": {
        "bongo": 1.0,
        "metronome": 1.0,
        "drum": 1.0
    },
    "attempt_ended_by": "submission",
    "removed_hits": [],
    "self_assessment_rating": [
        [
            3,
            "2023-10-19 18:32:34.651072"
        ]
    ]
}