{
    "attempt_start_time": "2023-10-22 13:38:32.530645",
    "attempt_count": 1,
    "attempt_dir": "/Users/cccb/Library/CloudStorage/GoogleDrive-elbongoserocccb@gmail.com/My Drive/SavedSessions/session_00000373/Part1_BongosToDrum/attempt_1",
    "tempos": [
        [
            90.0,
            "2023-10-22 13:38:32.631246"
        ],
        [
            92.0,
            "2023-10-22 13:38:46.615921"
        ],
        [
            97.0,
            "2023-10-22 13:38:46.769196"
        ],
        [
            102.0,
            "2023-10-22 13:38:46.916208"
        ],
        [
            104.0,
            "2023-10-22 13:38:48.557636"
        ],
        [
            109.0,
            "2023-10-22 13:38:48.794834"
        ],
        [
            111.0,
            "2023-10-22 13:38:50.451814"
        ],
        [
            116.0,
            "2023-10-22 13:38:50.621512"
        ]
    ],
    "cleared_to_retry_times": [
        "2023-10-22 13:38:32.632602",
        "2023-10-22 13:38:44.387906",
        "2023-10-22 13:39:06.861082"
    ],
    "requested_generation_time": "2023-10-22 13:39:19.356507",
    "volumes_at_generation_request": {
        "bongo": 0.5,
        "metronome": 0.5
    },
    "generation_0": {
        "pressed_play_time": [
            "2023-10-22 13:39:24.608839",
            "2023-10-22 13:39:26.178958"
        ],
        "rankings": [
            [
                3,
                "2023-10-22 13:39:34.646953"
            ]
        ]
    },
    "generation_1": {
        "pressed_play_time": [
            "2023-10-22 13:39:35.806615"
        ],
        "rankings": [
            [
                3,
                "2023-10-22 13:39:46.390837"
            ]
        ]
    },
    "generation_2": {
        "pressed_play_time": [
            "2023-10-22 13:39:50.987214"
        ],
        "rankings": [
            [
                2,
                "2023-10-22 13:39:58.174438"
            ]
        ]
    },
    "submitted_ratings_time": "2023-10-22 13:39:58.924092",
    "volumes_at_rating_submission": {
        "bongo": 0.5,
        "metronome": 0.25,
        "drum": 0.5
    },
    "removed_hits": []
}