{
    "session_start_time": "2023-10-24 15:48:33.525511",
    "session_count": 442,
    "session_name": "session_00000442",
    "session_dir": "/Users/cccb/Library/CloudStorage/GoogleDrive-elbongoserocccb@gmail.com/My Drive/SavedSessions/session_00000442",
    "session_end_time": "2023-10-24 15:54:49.888828",
    "session_ended_by": "user",
    "level_of_musical_experience": [
        {
            "rating": 5,
            "time": "2023-10-24 15:54:53.168494"
        }
    ],
    "exhibition_rating": [
        {
            "rating": 4,
            "time": "2023-10-24 15:54:55.592434"
        }
    ],
    "explicitely_granted_consent": "Yes"
}