{
    "attempt_start_time": "2023-10-20 16:31:20.351610",
    "attempt_count": 1,
    "attempt_dir": "/Users/cccb/Library/CloudStorage/GoogleDrive-elbongoserocccb@gmail.com/My Drive/SavedSessions/session_00000267/Part1_BongosToDrum/attempt_1",
    "tempos": [
        [
            90.0,
            "2023-10-20 16:31:20.452244"
        ]
    ],
    "cleared_to_retry_times": [
        "2023-10-20 16:31:20.453393"
    ],
    "requested_generation_time": "2023-10-20 16:31:31.660684",
    "volumes_at_generation_request": {
        "bongo": 0.5,
        "metronome": 0.5
    },
    "generation_0": {
        "pressed_play_time": [],
        "rankings": [
            [
                4,
                "2023-10-20 16:31:37.959804"
            ],
            [
                2,
                "2023-10-20 16:31:49.402268"
            ],
            [
                4,
                "2023-10-20 16:31:51.466084"
            ]
        ]
    },
    "generation_1": {
        "pressed_play_time": [
            "2023-10-20 16:31:43.512693",
            "2023-10-20 16:31:59.715126",
            "2023-10-20 16:32:00.670951"
        ],
        "rankings": [
            [
                2,
                "2023-10-20 16:31:39.102607"
            ],
            [
                4,
                "2023-10-20 16:31:50.504854"
            ]
        ]
    },
    "generation_2": {
        "pressed_play_time": [
            "2023-10-20 16:31:53.729852",
            "2023-10-20 16:32:00.378189"
        ],
        "rankings": [
            [
                1,
                "2023-10-20 16:31:55.011873"
            ]
        ]
    },
    "submitted_ratings_time": "2023-10-20 16:32:06.205029",
    "volumes_at_rating_submission": {
        "bongo": 0.5,
        "metronome": 0.25,
        "drum": 0.5
    },
    "removed_hits": []
}