{
    "attempt_start_time": "2023-10-17 19:33:34.059330",
    "attempt_count": 1,
    "attempt_dir": "/Users/cccb/Library/CloudStorage/GoogleDrive-elbongoserocccb@gmail.com/My Drive/SavedSessions/session_00000094/Part2_BongosAlonWithDrums/attempt_001",
    "tempos": [
        [
            120.0,
            "2023-10-17 19:33:34.064913"
        ],
        [
            118.0,
            "2023-10-17 19:33:38.205827"
        ],
        [
            116.0,
            "2023-10-17 19:33:42.434120"
        ],
        [
            111.0,
            "2023-10-17 19:33:42.614631"
        ],
        [
            106.0,
            "2023-10-17 19:33:42.768799"
        ],
        [
            101.0,
            "2023-10-17 19:33:42.933651"
        ],
        [
            96.0,
            "2023-10-17 19:33:43.082121"
        ],
        [
            91.0,
            "2023-10-17 19:33:43.220602"
        ],
        [
            86.0,
            "2023-10-17 19:33:43.373465"
        ],
        [
            81.0,
            "2023-10-17 19:33:43.490254"
        ]
    ],
    "cleared_to_retry_times": [
        "2023-10-17 19:33:34.066287"
    ],
    "groove_submission_time": "2023-10-17 19:34:08.229430",
    "midi_drum_path": [
        [
            "/Users/cccb/Library/CloudStorage/GoogleDrive-elbongoserocccb@gmail.com/My Drive/DrumMidis/Electronic/894_chicago_nowayback143.mid",
            "2023-10-17 19:33:34.064653"
        ]
    ],
    "volumes_at_submission": {
        "bongo": 0.5,
        "metronome": 0.0,
        "drum": 0.26
    },
    "attempt_ended_by": "submission",
    "removed_hits": [],
    "self_assessment_rating": [
        [
            5,
            "2023-10-17 19:34:10.828926"
        ]
    ]
}