{
    "attempt_start_time": "2023-10-26 14:37:12.080962",
    "attempt_count": 1,
    "attempt_dir": "/Users/cccb/Library/CloudStorage/GoogleDrive-elbongoserocccb@gmail.com/My Drive/SavedSessions/session_00000515--2023-10-26--14-36-50/Part1_BongosToDrum/attempt_1",
    "tempos": [
        [
            90.0,
            "2023-10-26 14:37:12.181616"
        ],
        [
            92.0,
            "2023-10-26 14:37:29.182919"
        ],
        [
            90.0,
            "2023-10-26 14:37:46.053452"
        ],
        [
            92.0,
            "2023-10-26 14:38:33.857862"
        ],
        [
            94.0,
            "2023-10-26 14:38:34.387470"
        ],
        [
            96.0,
            "2023-10-26 14:38:34.941333"
        ],
        [
            98.0,
            "2023-10-26 14:38:35.332879"
        ],
        [
            100.0,
            "2023-10-26 14:38:35.658418"
        ],
        [
            102.0,
            "2023-10-26 14:38:47.870121"
        ],
        [
            107.0,
            "2023-10-26 14:38:48.048765"
        ],
        [
            112.0,
            "2023-10-26 14:38:48.194837"
        ],
        [
            117.0,
            "2023-10-26 14:38:48.343110"
        ],
        [
            122.0,
            "2023-10-26 14:38:48.512774"
        ],
        [
            127.0,
            "2023-10-26 14:38:48.646362"
        ],
        [
            129.0,
            "2023-10-26 14:38:48.994657"
        ],
        [
            134.0,
            "2023-10-26 14:38:49.175113"
        ],
        [
            139.0,
            "2023-10-26 14:38:49.313468"
        ],
        [
            141.0,
            "2023-10-26 14:39:58.322402"
        ],
        [
            143.0,
            "2023-10-26 14:39:58.638371"
        ],
        [
            145.0,
            "2023-10-26 14:39:59.083881"
        ],
        [
            147.0,
            "2023-10-26 14:39:59.479682"
        ],
        [
            149.0,
            "2023-10-26 14:39:59.788568"
        ],
        [
            150.0,
            "2023-10-26 14:40:00.346036"
        ],
        [
            148.0,
            "2023-10-26 14:40:30.018844"
        ],
        [
            146.0,
            "2023-10-26 14:40:32.223833"
        ],
        [
            144.0,
            "2023-10-26 14:40:32.608578"
        ],
        [
            142.0,
            "2023-10-26 14:40:33.068344"
        ],
        [
            137.0,
            "2023-10-26 14:40:33.308606"
        ],
        [
            132.0,
            "2023-10-26 14:40:33.551522"
        ],
        [
            127.0,
            "2023-10-26 14:40:33.777862"
        ],
        [
            125.0,
            "2023-10-26 14:40:34.315048"
        ],
        [
            120.0,
            "2023-10-26 14:40:34.510428"
        ],
        [
            115.0,
            "2023-10-26 14:40:34.751911"
        ],
        [
            110.0,
            "2023-10-26 14:40:34.990950"
        ],
        [
            105.0,
            "2023-10-26 14:40:35.227031"
        ],
        [
            100.0,
            "2023-10-26 14:40:35.473294"
        ],
        [
            95.0,
            "2023-10-26 14:40:35.725783"
        ],
        [
            93.0,
            "2023-10-26 14:40:36.056557"
        ],
        [
            88.0,
            "2023-10-26 14:40:36.263028"
        ],
        [
            83.0,
            "2023-10-26 14:40:36.508924"
        ],
        [
            78.0,
            "2023-10-26 14:40:36.755803"
        ],
        [
            73.0,
            "2023-10-26 14:40:36.990966"
        ],
        [
            68.0,
            "2023-10-26 14:40:37.200826"
        ],
        [
            63.0,
            "2023-10-26 14:40:37.422771"
        ],
        [
            58.0,
            "2023-10-26 14:40:37.684083"
        ],
        [
            53.0,
            "2023-10-26 14:40:37.895699"
        ]
    ],
    "cleared_to_retry_times": [
        "2023-10-26 14:37:12.183081",
        "2023-10-26 14:38:09.324999",
        "2023-10-26 14:38:09.854604",
        "2023-10-26 14:38:10.124712",
        "2023-10-26 14:38:14.696251",
        "2023-10-26 14:38:15.023651",
        "2023-10-26 14:38:26.629571",
        "2023-10-26 14:38:32.596924",
        "2023-10-26 14:38:33.048461",
        "2023-10-26 14:38:49.770515",
        "2023-10-26 14:38:50.092406",
        "2023-10-26 14:39:04.877625",
        "2023-10-26 14:39:13.050432",
        "2023-10-26 14:39:22.487967",
        "2023-10-26 14:39:29.859561",
        "2023-10-26 14:39:39.269348",
        "2023-10-26 14:40:08.420922",
        "2023-10-26 14:40:38.409647"
    ],
    "requested_generation_time": "2023-10-26 14:41:15.800124",
    "volumes_at_generation_request": {
        "bongo": 0.54,
        "metronome": 0.43
    },
    "generation_0": {
        "pressed_play_time": [
            "2023-10-26 14:41:26.923108"
        ],
        "rankings": [
            [
                3,
                "2023-10-26 14:41:35.464505"
            ],
            [
                4,
                "2023-10-26 14:41:36.427643"
            ]
        ]
    },
    "generation_1": {
        "pressed_play_time": [
            "2023-10-26 14:41:38.240455"
        ],
        "rankings": [
            [
                1,
                "2023-10-26 14:41:40.312196"
            ]
        ]
    },
    "generation_2": {
        "pressed_play_time": [
            "2023-10-26 14:41:41.481819"
        ],
        "rankings": [
            [
                3,
                "2023-10-26 14:41:42.581532"
            ]
        ]
    },
    "submitted_ratings_time": "2023-10-26 14:41:44.018859",
    "volumes_at_rating_submission": {
        "bongo": 0.5,
        "metronome": 0.25,
        "drum": 0.16
    },
    "removed_hits": []
}