{
    "attempt_start_time": "2023-10-24 18:38:43.483850",
    "attempt_count": 1,
    "attempt_dir": "/Users/cccb/Library/CloudStorage/GoogleDrive-elbongoserocccb@gmail.com/My Drive/SavedSessions/session_00000472/Part2_BongosAlonWithDrums/attempt_001",
    "tempos": [
        [
            89.0,
            "2023-10-24 18:38:43.489085"
        ]
    ],
    "cleared_to_retry_times": [
        "2023-10-24 18:38:43.490336",
        "2023-10-24 18:38:57.171719",
        "2023-10-24 18:39:19.460765"
    ],
    "groove_submission_time": "2023-10-24 18:39:39.825100",
    "midi_drum_path": [
        [
            "/Users/cccb/Library/CloudStorage/GoogleDrive-elbongoserocccb@gmail.com/My Drive/DrumMidis/Funk/p0000000547__m001__beat__rock+funk__001---003_extended.mid",
            "2023-10-24 18:38:43.488568"
        ]
    ],
    "volumes_at_submission": {
        "bongo": 0.5,
        "metronome": 0.0,
        "drum": 0.5
    },
    "attempt_ended_by": "submission",
    "removed_hits": [],
    "self_assessment_rating": [
        [
            5,
            "2023-10-24 18:39:45.267284"
        ]
    ]
}