{
    "attempt_start_time": "2023-10-24 18:42:38.668084",
    "attempt_count": 3,
    "attempt_dir": "/Users/cccb/Library/CloudStorage/GoogleDrive-elbongoserocccb@gmail.com/My Drive/SavedSessions/session_00000473/Part2_BongosAlonWithDrums/attempt_003",
    "tempos": [
        [
            89.0,
            "2023-10-24 18:42:38.673711"
        ]
    ],
    "cleared_to_retry_times": [
        "2023-10-24 18:42:38.674938"
    ],
    "groove_submission_time": "2023-10-24 18:43:03.147592",
    "midi_drum_path": [
        [
            "/Users/cccb/Library/CloudStorage/GoogleDrive-elbongoserocccb@gmail.com/My Drive/DrumMidis/Afrobeat/p0000004072__m001__beat__afrobeat__000---002.mid",
            "2023-10-24 18:42:38.673401"
        ]
    ],
    "volumes_at_submission": {
        "bongo": 0.22,
        "metronome": 0.0,
        "drum": 0.32
    },
    "attempt_ended_by": "submission",
    "removed_hits": [],
    "self_assessment_rating": [
        [
            4,
            "2023-10-24 18:43:04.168074"
        ]
    ]
}