{
    "attempt_start_time": "2023-11-01 18:55:53.575444",
    "attempt_count": 1,
    "attempt_dir": "/Users/cccb/Library/CloudStorage/GoogleDrive-elbongoserocccb@gmail.com/My Drive/SavedSessions/session_00001027--2023-11-01--18-52-52/Part2_BongosAlonWithDrums/attempt_001",
    "tempos": [
        [
            140.0,
            "2023-11-01 18:55:53.580526"
        ]
    ],
    "cleared_to_retry_times": [
        "2023-11-01 18:55:53.581464"
    ],
    "groove_submission_time": "2023-11-01 18:57:08.495436",
    "midi_drum_path": [
        [
            "/Users/cccb/Library/CloudStorage/GoogleDrive-elbongoserocccb@gmail.com/My Drive/DrumMidis/Rock/p0000003005__m113__beat__rock__001---003.mid",
            "2023-11-01 18:55:53.580207"
        ]
    ],
    "volumes_at_submission": {
        "bongo": 0.5,
        "metronome": 0.27,
        "drum": 0.17
    },
    "attempt_ended_by": "submission",
    "removed_hits": [],
    "self_assessment_rating": [
        [
            5,
            "2023-11-01 18:57:12.655214"
        ]
    ]
}