{
    "attempt_start_time": "2023-10-28 15:14:54.081098",
    "attempt_count": 1,
    "attempt_dir": "/Users/cccb/Library/CloudStorage/GoogleDrive-elbongoserocccb@gmail.com/My Drive/SavedSessions/session_00000708--2023-10-28--15-14-50/Part1_BongosToDrum/attempt_1",
    "tempos": [
        [
            90.0,
            "2023-10-28 15:14:54.181702"
        ]
    ],
    "cleared_to_retry_times": [
        "2023-10-28 15:14:54.182961"
    ],
    "requested_generation_time": "2023-10-28 15:15:22.268199",
    "volumes_at_generation_request": {
        "bongo": 0.64,
        "metronome": 0.5
    },
    "generation_0": {
        "pressed_play_time": [
            "2023-10-28 15:15:49.407210",
            "2023-10-28 15:16:06.132878",
            "2023-10-28 15:16:40.693508",
            "2023-10-28 15:16:57.029706",
            "2023-10-28 15:17:09.532144"
        ],
        "rankings": [
            [
                2,
                "2023-10-28 15:15:38.010507"
            ],
            [
                2,
                "2023-10-28 15:15:38.387625"
            ],
            [
                0,
                "2023-10-28 15:16:04.237855"
            ]
        ]
    },
    "generation_1": {
        "pressed_play_time": [
            "2023-10-28 15:16:59.765064"
        ],
        "rankings": [
            [
                1,
                "2023-10-28 15:17:22.846493"
            ]
        ]
    },
    "generation_2": {
        "pressed_play_time": [
            "2023-10-28 15:17:02.287574",
            "2023-10-28 15:17:24.200886"
        ],
        "rankings": [
            [
                2,
                "2023-10-28 15:17:25.742095"
            ]
        ]
    },
    "submitted_ratings_time": "2023-10-28 15:17:26.713234",
    "volumes_at_rating_submission": {
        "bongo": 0.5,
        "metronome": 0.25,
        "drum": 0.5
    },
    "removed_hits": []
}