{
    "attempt_start_time": "2023-10-29 19:04:29.300918",
    "attempt_count": 2,
    "attempt_dir": "/Users/cccb/Library/CloudStorage/GoogleDrive-elbongoserocccb@gmail.com/My Drive/SavedSessions/session_00000807--2023-10-29--19-02-46/Part2_BongosAlonWithDrums/attempt_002",
    "tempos": [
        [
            120.0,
            "2023-10-29 19:04:29.302816"
        ]
    ],
    "cleared_to_retry_times": [
        "2023-10-29 19:04:29.303782"
    ],
    "groove_submission_time": "2023-10-29 19:04:33.887967",
    "midi_drum_path": [
        [
            "/Users/cccb/Library/CloudStorage/GoogleDrive-elbongoserocccb@gmail.com/My Drive/DrumMidis/Disco/p0000001896__m008__beat__disco__003---005_extended.mid",
            "2023-10-29 19:04:29.302537"
        ]
    ],
    "volumes_at_submission": {
        "bongo": 0.39,
        "metronome": 0.0,
        "drum": 0.34
    },
    "attempt_ended_by": "submission",
    "removed_hits": [],
    "self_assessment_rating": [
        [
            3,
            "2023-10-29 19:04:35.134442"
        ]
    ]
}