{
    "attempt_start_time": "2023-10-24 13:21:00.965831",
    "attempt_count": 3,
    "attempt_dir": "/Users/cccb/Library/CloudStorage/GoogleDrive-elbongoserocccb@gmail.com/My Drive/SavedSessions/session_00000423/Part2_BongosAlonWithDrums/attempt_003",
    "tempos": [
        [
            120.0,
            "2023-10-24 13:21:00.971253"
        ]
    ],
    "cleared_to_retry_times": [
        "2023-10-24 13:21:00.972232"
    ],
    "groove_submission_time": "2023-10-24 13:21:08.216346",
    "midi_drum_path": [
        [
            "/Users/cccb/Library/CloudStorage/GoogleDrive-elbongoserocccb@gmail.com/My Drive/DrumMidis/Electronic/1043_chicago_promisedland136.mid",
            "2023-10-24 13:21:00.970945"
        ]
    ],
    "volumes_at_submission": {
        "bongo": 0.5,
        "metronome": 0.0,
        "drum": 0.5
    },
    "attempt_ended_by": "submission",
    "removed_hits": [],
    "self_assessment_rating": [
        [
            4,
            "2023-10-24 13:21:09.839664"
        ]
    ]
}