{
    "attempt_start_time": "2023-10-31 12:41:46.480495",
    "attempt_count": 1,
    "attempt_dir": "/Users/cccb/Library/CloudStorage/GoogleDrive-elbongoserocccb@gmail.com/My Drive/SavedSessions/session_00000862--2023-10-31--12-40-45/Part1_BongosToDrum/attempt_1",
    "tempos": [
        [
            90.0,
            "2023-10-31 12:41:46.581516"
        ],
        [
            88.0,
            "2023-10-31 12:42:48.521871"
        ],
        [
            90.0,
            "2023-10-31 12:43:20.951741"
        ],
        [
            92.0,
            "2023-10-31 12:43:23.776714"
        ],
        [
            94.0,
            "2023-10-31 12:43:24.126906"
        ],
        [
            92.0,
            "2023-10-31 12:43:53.328308"
        ]
    ],
    "cleared_to_retry_times": [
        "2023-10-31 12:41:46.582753",
        "2023-10-31 12:43:18.914955",
        "2023-10-31 12:43:52.431353",
        "2023-10-31 12:45:20.278411"
    ],
    "requested_generation_time": "2023-10-31 12:44:24.049218",
    "volumes_at_generation_request": {
        "bongo": 0.5,
        "metronome": 0.5
    },
    "generation_0": {
        "pressed_play_time": [
            "2023-10-31 12:44:47.645404"
        ],
        "rankings": [
            [
                2,
                "2023-10-31 12:44:37.506199"
            ],
            [
                3,
                "2023-10-31 12:44:57.129372"
            ]
        ]
    },
    "generation_1": {
        "pressed_play_time": [
            "2023-10-31 12:44:59.945677"
        ],
        "rankings": [
            [
                2,
                "2023-10-31 12:45:08.695769"
            ]
        ]
    },
    "generation_2": {
        "pressed_play_time": [
            "2023-10-31 12:45:10.004065"
        ],
        "rankings": [
            [
                3,
                "2023-10-31 12:45:18.505216"
            ]
        ]
    },
    "submitted_ratings_time": "2023-10-31 12:45:20.276612",
    "volumes_at_rating_submission": {
        "bongo": 0.5,
        "metronome": 0.25,
        "drum": 0.5
    },
    "removed_hits": []
}