{
    "attempt_start_time": "2023-10-17 19:47:42.652654",
    "attempt_count": 2,
    "attempt_dir": "/Users/cccb/Library/CloudStorage/GoogleDrive-elbongoserocccb@gmail.com/My Drive/SavedSessions/session_00000097/Part2_BongosAlonWithDrums/attempt_002",
    "tempos": [
        [
            85.0,
            "2023-10-17 19:47:42.656956"
        ]
    ],
    "cleared_to_retry_times": [
        "2023-10-17 19:47:42.658239"
    ],
    "groove_submission_time": "2023-10-17 19:48:06.652240",
    "midi_drum_path": [
        [
            "/Users/cccb/Library/CloudStorage/GoogleDrive-elbongoserocccb@gmail.com/My Drive/DrumMidis/Afrobeat/p0000004102__m001__beat__afrobeat__043---045.mid",
            "2023-10-17 19:47:42.656682"
        ]
    ],
    "volumes_at_submission": {
        "bongo": 0.36,
        "metronome": 0.29,
        "drum": 0.24
    },
    "attempt_ended_by": "submission",
    "removed_hits": [],
    "self_assessment_rating": [
        [
            5,
            "2023-10-17 19:48:08.120900"
        ]
    ]
}