{
    "session_start_time": "2023-10-17 19:03:01.431204",
    "session_count": 88,
    "session_name": "session_00000088",
    "session_dir": "/Users/cccb/Library/CloudStorage/GoogleDrive-elbongoserocccb@gmail.com/My Drive/SavedSessions/session_00000088",
    "session_end_time": "2023-10-17 19:07:37.640664",
    "session_ended_by": "user",
    "level_of_musical_experience": [
        {
            "rating": 2,
            "time": "2023-10-17 19:07:41.968822"
        }
    ],
    "exhibition_rating": [
        {
            "rating": 4,
            "time": "2023-10-17 19:07:46.828082"
        }
    ],
    "explicitely_granted_consent": "Yes"
}