{
    "attempt_start_time": "2023-10-17 19:31:41.403472",
    "attempt_count": 1,
    "attempt_dir": "/Users/cccb/Library/CloudStorage/GoogleDrive-elbongoserocccb@gmail.com/My Drive/SavedSessions/session_00000094/Part1_BongosToDrum/attempt_1",
    "tempos": [
        [
            90.0,
            "2023-10-17 19:31:41.504116"
        ],
        [
            92.0,
            "2023-10-17 19:31:45.396752"
        ]
    ],
    "cleared_to_retry_times": [
        "2023-10-17 19:31:41.505476"
    ],
    "requested_generation_time": "2023-10-17 19:32:31.470250",
    "volumes_at_generation_request": {
        "bongo": 0.73,
        "metronome": 0.39
    },
    "generation_0": {
        "pressed_play_time": [
            "2023-10-17 19:32:37.695567",
            "2023-10-17 19:32:52.168572"
        ],
        "rankings": [
            [
                3,
                "2023-10-17 19:32:58.711068"
            ]
        ]
    },
    "generation_1": {
        "pressed_play_time": [
            "2023-10-17 19:32:59.659318"
        ],
        "rankings": [
            [
                2,
                "2023-10-17 19:33:06.658431"
            ]
        ]
    },
    "generation_2": {
        "pressed_play_time": [
            "2023-10-17 19:33:07.631742"
        ],
        "rankings": [
            [
                1,
                "2023-10-17 19:33:20.143271"
            ]
        ]
    },
    "submitted_ratings_time": "2023-10-17 19:33:21.515045",
    "volumes_at_rating_submission": {
        "bongo": 0.81,
        "metronome": 0.09,
        "drum": 0.27
    },
    "removed_hits": []
}