{
    "session_start_time": "2023-10-22 11:42:59.801177",
    "session_count": 342,
    "session_name": "session_00000342",
    "session_dir": "/Users/cccb/Library/CloudStorage/GoogleDrive-elbongoserocccb@gmail.com/My Drive/SavedSessions/session_00000342",
    "session_end_time": "2023-10-22 11:45:48.987066",
    "session_ended_by": "user",
    "level_of_musical_experience": [
        {
            "rating": 2,
            "time": "2023-10-22 11:45:54.457256"
        }
    ],
    "exhibition_rating": [
        {
            "rating": 4,
            "time": "2023-10-22 11:45:57.852321"
        }
    ],
    "explicitely_granted_consent": "Yes"
}