{
    "attempt_start_time": "2023-10-26 14:14:49.488382",
    "attempt_count": 2,
    "attempt_dir": "/Users/cccb/Library/CloudStorage/GoogleDrive-elbongoserocccb@gmail.com/My Drive/SavedSessions/session_00000511--2023-10-26--14-04-33/Part1_BongosToDrum/attempt_2",
    "tempos": [
        [
            90.0,
            "2023-10-26 14:14:49.590076"
        ],
        [
            92.0,
            "2023-10-26 14:14:59.863148"
        ],
        [
            94.0,
            "2023-10-26 14:15:03.600206"
        ],
        [
            96.0,
            "2023-10-26 14:15:04.241396"
        ]
    ],
    "cleared_to_retry_times": [
        "2023-10-26 14:14:49.591628",
        "2023-10-26 14:15:16.072069",
        "2023-10-26 14:15:16.450176"
    ],
    "requested_generation_time": "2023-10-26 14:15:31.920000",
    "volumes_at_generation_request": {
        "bongo": 0.25,
        "metronome": 0.17
    },
    "generation_0": {
        "pressed_play_time": [
            "2023-10-26 14:15:36.927096"
        ],
        "rankings": [
            [
                1,
                "2023-10-26 14:15:45.085746"
            ]
        ]
    },
    "generation_1": {
        "pressed_play_time": [
            "2023-10-26 14:15:47.948918"
        ],
        "rankings": [
            [
                2,
                "2023-10-26 14:15:51.500824"
            ]
        ]
    },
    "generation_2": {
        "pressed_play_time": [
            "2023-10-26 14:15:48.570294"
        ],
        "rankings": [
            [
                2,
                "2023-10-26 14:15:52.024457"
            ]
        ]
    },
    "submitted_ratings_time": "2023-10-26 14:15:52.861379",
    "volumes_at_rating_submission": {
        "bongo": 0.5,
        "metronome": 0.25,
        "drum": 0.5
    },
    "removed_hits": []
}