{
    "attempt_start_time": "2023-10-19 18:56:34.639290",
    "attempt_count": 1,
    "attempt_dir": "/Users/cccb/Library/CloudStorage/GoogleDrive-elbongoserocccb@gmail.com/My Drive/SavedSessions/session_00000227/Part2_BongosAlonWithDrums/attempt_001",
    "tempos": [
        [
            112.0,
            "2023-10-19 18:56:34.644627"
        ],
        [
            110.0,
            "2023-10-19 18:56:37.198669"
        ],
        [
            105.0,
            "2023-10-19 18:56:37.489072"
        ],
        [
            100.0,
            "2023-10-19 18:56:37.729500"
        ],
        [
            98.0,
            "2023-10-19 18:56:38.056452"
        ]
    ],
    "cleared_to_retry_times": [
        "2023-10-19 18:56:34.645961"
    ],
    "groove_submission_time": "2023-10-19 18:56:53.168385",
    "midi_drum_path": [
        [
            "/Users/cccb/Library/CloudStorage/GoogleDrive-elbongoserocccb@gmail.com/My Drive/DrumMidis/Rock/p0000000274__m017__beat__rock__005---007.mid",
            "2023-10-19 18:56:34.644256"
        ]
    ],
    "volumes_at_submission": {
        "bongo": 0.5,
        "metronome": 0.0,
        "drum": 0.5
    },
    "attempt_ended_by": "submission",
    "removed_hits": [],
    "self_assessment_rating": [
        [
            2,
            "2023-10-19 18:56:56.688430"
        ]
    ]
}