{
    "attempt_start_time": "2023-10-26 14:13:34.979858",
    "attempt_count": 1,
    "attempt_dir": "/Users/cccb/Library/CloudStorage/GoogleDrive-elbongoserocccb@gmail.com/My Drive/SavedSessions/session_00000511--2023-10-26--14-04-33/Part1_BongosToDrum/attempt_1",
    "tempos": [
        [
            90.0,
            "2023-10-26 14:13:35.081488"
        ]
    ],
    "cleared_to_retry_times": [
        "2023-10-26 14:13:35.083267",
        "2023-10-26 14:13:49.682105",
        "2023-10-26 14:13:50.623135"
    ],
    "requested_generation_time": "2023-10-26 14:14:15.557329",
    "volumes_at_generation_request": {
        "bongo": 0.5,
        "metronome": 0.5
    },
    "generation_0": {
        "pressed_play_time": [
            "2023-10-26 14:14:26.374908"
        ],
        "rankings": [
            [
                2,
                "2023-10-26 14:14:34.393432"
            ]
        ]
    },
    "generation_1": {
        "pressed_play_time": [
            "2023-10-26 14:14:36.009654"
        ],
        "rankings": [
            [
                1,
                "2023-10-26 14:14:40.238949"
            ]
        ]
    },
    "generation_2": {
        "pressed_play_time": [
            "2023-10-26 14:14:41.370324"
        ],
        "rankings": [
            [
                3,
                "2023-10-26 14:14:44.996255"
            ]
        ]
    },
    "submitted_ratings_time": "2023-10-26 14:14:45.953041",
    "volumes_at_rating_submission": {
        "bongo": 0.5,
        "metronome": 0.25,
        "drum": 0.5
    },
    "removed_hits": []
}