{
    "attempt_start_time": "2023-10-24 18:00:54.817585",
    "attempt_count": 3,
    "attempt_dir": "/Users/cccb/Library/CloudStorage/GoogleDrive-elbongoserocccb@gmail.com/My Drive/SavedSessions/session_00000466/Part2_BongosAlonWithDrums/attempt_003",
    "tempos": [
        [
            120.0,
            "2023-10-24 18:00:54.822011"
        ]
    ],
    "cleared_to_retry_times": [
        "2023-10-24 18:00:54.823183"
    ],
    "groove_submission_time": "2023-10-24 18:01:06.548092",
    "midi_drum_path": [
        [
            "/Users/cccb/Library/CloudStorage/GoogleDrive-elbongoserocccb@gmail.com/My Drive/DrumMidis/Disco/p0000002215__m004__beat__indie+disco__000---002.mid",
            "2023-10-24 18:00:54.821681"
        ]
    ],
    "volumes_at_submission": {
        "bongo": 0.5,
        "metronome": 0.0,
        "drum": 0.5
    },
    "attempt_ended_by": "submission",
    "removed_hits": [],
    "self_assessment_rating": [
        [
            1,
            "2023-10-24 18:01:08.081233"
        ],
        [
            1,
            "2023-10-24 18:01:08.431214"
        ]
    ]
}