{
    "attempt_start_time": "2023-10-28 15:17:34.923471",
    "attempt_count": 2,
    "attempt_dir": "/Users/cccb/Library/CloudStorage/GoogleDrive-elbongoserocccb@gmail.com/My Drive/SavedSessions/session_00000708--2023-10-28--15-14-50/Part1_BongosToDrum/attempt_2",
    "tempos": [
        [
            90.0,
            "2023-10-28 15:17:35.025090"
        ],
        [
            88.0,
            "2023-10-28 15:18:20.286008"
        ],
        [
            86.0,
            "2023-10-28 15:18:21.910490"
        ],
        [
            84.0,
            "2023-10-28 15:18:22.327394"
        ],
        [
            79.0,
            "2023-10-28 15:18:22.596627"
        ],
        [
            74.0,
            "2023-10-28 15:18:22.816108"
        ],
        [
            69.0,
            "2023-10-28 15:18:23.045541"
        ],
        [
            71.0,
            "2023-10-28 15:18:23.920473"
        ],
        [
            76.0,
            "2023-10-28 15:18:24.156354"
        ],
        [
            81.0,
            "2023-10-28 15:18:24.376551"
        ],
        [
            86.0,
            "2023-10-28 15:18:24.614080"
        ],
        [
            91.0,
            "2023-10-28 15:18:24.795051"
        ],
        [
            96.0,
            "2023-10-28 15:18:24.972763"
        ],
        [
            94.0,
            "2023-10-28 15:18:45.887200"
        ]
    ],
    "cleared_to_retry_times": [
        "2023-10-28 15:17:35.026443",
        "2023-10-28 15:18:25.927388"
    ],
    "requested_generation_time": "2023-10-28 15:19:08.659332",
    "volumes_at_generation_request": {
        "bongo": 0.45,
        "metronome": 0.39
    },
    "generation_0": {
        "pressed_play_time": [
            "2023-10-28 15:19:19.834700"
        ],
        "rankings": [
            [
                3,
                "2023-10-28 15:19:22.829389"
            ]
        ]
    },
    "generation_1": {
        "pressed_play_time": [
            "2023-10-28 15:19:23.957136"
        ],
        "rankings": [
            [
                3,
                "2023-10-28 15:19:28.733316"
            ]
        ]
    },
    "generation_2": {
        "pressed_play_time": [
            "2023-10-28 15:19:29.794976"
        ],
        "rankings": [
            [
                3,
                "2023-10-28 15:19:38.906237"
            ]
        ]
    },
    "submitted_ratings_time": "2023-10-28 15:19:39.857761",
    "volumes_at_rating_submission": {
        "bongo": 0.47,
        "metronome": 0.43,
        "drum": 0.48
    },
    "removed_hits": []
}