{
    "session_start_time": "2023-10-18 13:30:28.264408",
    "session_count": 149,
    "session_name": "session_00000149",
    "session_dir": "/Users/cccb/Library/CloudStorage/GoogleDrive-elbongoserocccb@gmail.com/My Drive/SavedSessions/session_00000149",
    "session_end_time": "2023-10-18 13:34:52.772509",
    "session_ended_by": "user",
    "level_of_musical_experience": [
        {
            "rating": 2,
            "time": "2023-10-18 13:34:59.250548"
        }
    ],
    "exhibition_rating": [
        {
            "rating": 5,
            "time": "2023-10-18 13:35:02.945221"
        }
    ],
    "explicitely_granted_consent": "Yes"
}