{
    "session_start_time": "2023-10-17 19:42:15.459291",
    "session_count": 97,
    "session_name": "session_00000097",
    "session_dir": "/Users/cccb/Library/CloudStorage/GoogleDrive-elbongoserocccb@gmail.com/My Drive/SavedSessions/session_00000097",
    "session_end_time": "2023-10-17 19:48:11.009338",
    "session_ended_by": "user",
    "level_of_musical_experience": [
        {
            "rating": 1,
            "time": "2023-10-17 19:48:22.700029"
        }
    ],
    "exhibition_rating": [
        {
            "rating": 5,
            "time": "2023-10-17 19:48:27.999076"
        }
    ],
    "explicitely_granted_consent": "Yes"
}