{
    "session_start_time": "2023-10-20 16:21:00.030438",
    "session_count": 267,
    "session_name": "session_00000267",
    "session_dir": "/Users/cccb/Library/CloudStorage/GoogleDrive-elbongoserocccb@gmail.com/My Drive/SavedSessions/session_00000267",
    "session_end_time": "2023-10-20 16:37:01.562065",
    "session_ended_by": "user",
    "level_of_musical_experience": [
        {
            "rating": 5,
            "time": "2023-10-20 16:37:03.976060"
        }
    ],
    "exhibition_rating": [
        {
            "rating": 5,
            "time": "2023-10-20 16:37:04.655049"
        }
    ],
    "explicitely_granted_consent": "Yes"
}