{
    "attempt_start_time": "2023-10-31 17:27:07.130984",
    "attempt_count": 2,
    "attempt_dir": "/Users/cccb/Library/CloudStorage/GoogleDrive-elbongoserocccb@gmail.com/My Drive/SavedSessions/session_00000901--2023-10-31--17-23-18/Part2_BongosAlonWithDrums/attempt_002",
    "tempos": [
        [
            97.0,
            "2023-10-31 17:27:07.137543"
        ]
    ],
    "cleared_to_retry_times": [
        "2023-10-31 17:27:07.138588"
    ],
    "groove_submission_time": "2023-10-31 17:27:33.527184",
    "midi_drum_path": [
        [
            "/Users/cccb/Library/CloudStorage/GoogleDrive-elbongoserocccb@gmail.com/My Drive/DrumMidis/Afrobeat/p0000004117__m001__beat__afrobeat__001---003.mid",
            "2023-10-31 17:27:07.137223"
        ]
    ],
    "volumes_at_submission": {
        "bongo": 0.5,
        "metronome": 0.0,
        "drum": 0.5
    },
    "attempt_ended_by": "submission",
    "removed_hits": [],
    "self_assessment_rating": [
        [
            3,
            "2023-10-31 17:27:37.062861"
        ]
    ]
}