{
    "session_start_time": "2023-10-20 19:28:11.431064",
    "session_count": 298,
    "session_name": "session_00000298",
    "session_dir": "/Users/cccb/Library/CloudStorage/GoogleDrive-elbongoserocccb@gmail.com/My Drive/SavedSessions/session_00000298",
    "session_end_time": "2023-10-20 19:32:32.408343",
    "session_ended_by": "user",
    "level_of_musical_experience": [
        {
            "rating": 5,
            "time": "2023-10-20 19:32:36.276619"
        }
    ],
    "exhibition_rating": [
        {
            "rating": 5,
            "time": "2023-10-20 19:32:40.268900"
        }
    ],
    "explicitely_granted_consent": "Yes"
}