{
    "session_start_time": "2023-10-21 13:09:05.666532",
    "session_count": 330,
    "session_name": "session_00000330",
    "session_dir": "/Users/cccb/Library/CloudStorage/GoogleDrive-elbongoserocccb@gmail.com/My Drive/SavedSessions/session_00000330",
    "session_end_time": "2023-10-21 13:12:49.085071",
    "session_ended_by": "user",
    "level_of_musical_experience": [
        {
            "rating": 3,
            "time": "2023-10-21 13:12:51.612928"
        }
    ],
    "exhibition_rating": [
        {
            "rating": 3,
            "time": "2023-10-21 13:12:52.772283"
        }
    ],
    "explicitely_granted_consent": "Yes"
}