{
    "attempt_start_time": "2023-10-24 15:54:09.650599",
    "attempt_count": 1,
    "attempt_dir": "/Users/cccb/Library/CloudStorage/GoogleDrive-elbongoserocccb@gmail.com/My Drive/SavedSessions/session_00000442/Part2_BongosAlonWithDrums/attempt_001",
    "tempos": [
        [
            120.0,
            "2023-10-24 15:54:09.655016"
        ]
    ],
    "cleared_to_retry_times": [
        "2023-10-24 15:54:09.656473"
    ],
    "groove_submission_time": "2023-10-24 15:54:23.184892",
    "midi_drum_path": [
        [
            "/Users/cccb/Library/CloudStorage/GoogleDrive-elbongoserocccb@gmail.com/My Drive/DrumMidis/Electronic/590_chicago_moveyourbody6.mid",
            "2023-10-24 15:54:09.654680"
        ]
    ],
    "volumes_at_submission": {
        "bongo": 0.5,
        "metronome": 0.0,
        "drum": 0.5
    },
    "attempt_ended_by": "submission",
    "removed_hits": [],
    "self_assessment_rating": [
        [
            3,
            "2023-10-24 15:54:26.902657"
        ]
    ]
}