{
    "session_start_time": "2023-10-29 14:41:26.462066",
    "session_count": 754,
    "session_name": "session_00000754--2023-10-29--14-41-26",
    "session_dir": "/Users/cccb/Library/CloudStorage/GoogleDrive-elbongoserocccb@gmail.com/My Drive/SavedSessions/session_00000754--2023-10-29--14-41-26",
    "session_end_time": "2023-10-29 14:52:35.855198",
    "session_ended_by": "timeout",
    "level_of_musical_experience": [],
    "exhibition_rating": [],
    "explicitely_granted_consent": "AssumedFalseAsTimedOut"
}