{
    "attempt_start_time": "2023-10-17 19:45:57.681783",
    "attempt_count": 1,
    "attempt_dir": "/Users/cccb/Library/CloudStorage/GoogleDrive-elbongoserocccb@gmail.com/My Drive/SavedSessions/session_00000097/Part2_BongosAlonWithDrums/attempt_001",
    "tempos": [
        [
            137.0,
            "2023-10-17 19:45:57.685250"
        ],
        [
            135.0,
            "2023-10-17 19:46:16.863347"
        ],
        [
            133.0,
            "2023-10-17 19:46:17.568813"
        ],
        [
            131.0,
            "2023-10-17 19:46:28.917010"
        ]
    ],
    "cleared_to_retry_times": [
        "2023-10-17 19:45:57.686118",
        "2023-10-17 19:47:09.612228"
    ],
    "groove_submission_time": "2023-10-17 19:47:25.393621",
    "midi_drum_path": [
        [
            "/Users/cccb/Library/CloudStorage/GoogleDrive-elbongoserocccb@gmail.com/My Drive/DrumMidis/Disco/p0000004111__m001__beat__disco__123---125.mid",
            "2023-10-17 19:45:57.684968"
        ]
    ],
    "volumes_at_submission": {
        "bongo": 0.36,
        "metronome": 0.29,
        "drum": 0.41
    },
    "attempt_ended_by": "submission",
    "removed_hits": [],
    "self_assessment_rating": [
        [
            5,
            "2023-10-17 19:47:29.110603"
        ]
    ]
}