{
    "session_start_time": "2023-10-26 13:59:59.782661",
    "session_count": 509,
    "session_name": "session_00000509--2023-10-26--13-59-59",
    "session_dir": "/Users/cccb/Library/CloudStorage/GoogleDrive-elbongoserocccb@gmail.com/My Drive/SavedSessions/session_00000509--2023-10-26--13-59-59",
    "session_end_time": "2023-10-26 14:01:37.588036",
    "session_ended_by": "user",
    "level_of_musical_experience": [
        {
            "rating": 4,
            "time": "2023-10-26 14:01:44.348295"
        }
    ],
    "exhibition_rating": [
        {
            "rating": 4,
            "time": "2023-10-26 14:01:49.107427"
        }
    ],
    "explicitely_granted_consent": "Yes"
}