{
    "attempt_start_time": "2023-10-29 17:23:12.604569",
    "attempt_count": 1,
    "attempt_dir": "/Users/cccb/Library/CloudStorage/GoogleDrive-elbongoserocccb@gmail.com/My Drive/SavedSessions/session_00000781--2023-10-29--17-23-11/Part1_BongosToDrum/attempt_1",
    "tempos": [
        [
            90.0,
            "2023-10-29 17:23:12.705337"
        ]
    ],
    "cleared_to_retry_times": [
        "2023-10-29 17:23:12.706605"
    ],
    "requested_generation_time": "2023-10-29 17:24:19.241512",
    "volumes_at_generation_request": {
        "bongo": 0.5,
        "metronome": 0.5
    },
    "generation_0": {
        "pressed_play_time": [
            "2023-10-29 17:24:24.628465",
            "2023-10-29 17:24:28.566945",
            "2023-10-29 17:24:38.261874"
        ],
        "rankings": [
            [
                1,
                "2023-10-29 17:24:35.514680"
            ]
        ]
    },
    "generation_1": {
        "pressed_play_time": [
            "2023-10-29 17:24:36.864625",
            "2023-10-29 17:24:40.882295"
        ],
        "rankings": [
            [
                2,
                "2023-10-29 17:24:48.848116"
            ]
        ]
    },
    "generation_2": {
        "pressed_play_time": [
            "2023-10-29 17:24:51.309048"
        ],
        "rankings": [
            [
                3,
                "2023-10-29 17:25:01.552977"
            ]
        ]
    },
    "submitted_ratings_time": "2023-10-29 17:25:02.907310",
    "volumes_at_rating_submission": {
        "bongo": 0.5,
        "metronome": 0.25,
        "drum": 0.5
    },
    "removed_hits": []
}