{
    "attempt_start_time": "2023-10-16 11:29:03.117880",
    "attempt_count": 2,
    "attempt_dir": "/Users/cccb/Library/CloudStorage/GoogleDrive-elbongoserocccb@gmail.com/My Drive/SavedSessions/session_00000046/Part1_BongosToDrum/attempt_2",
    "tempos": [
        [
            90.0,
            "2023-10-16 11:29:03.219244"
        ]
    ],
    "cleared_to_retry_times": [
        "2023-10-16 11:29:03.222476"
    ],
    "requested_generation_time": "2023-10-16 11:29:11.749949",
    "volumes_at_generation_request": {
        "bongo": 0.5,
        "metronome": 0.5
    },
    "generation_0": {
        "pressed_play_time": [
            "2023-10-16 11:29:15.831285"
        ],
        "rankings": [
            [
                1,
                "2023-10-16 11:29:20.068330"
            ]
        ]
    },
    "generation_1": {
        "pressed_play_time": [
            "2023-10-16 11:29:20.723237"
        ],
        "rankings": [
            [
                2,
                "2023-10-16 11:29:21.860591"
            ]
        ]
    },
    "generation_2": {
        "pressed_play_time": [
            "2023-10-16 11:29:22.633903"
        ],
        "rankings": [
            [
                2,
                "2023-10-16 11:29:23.127186"
            ]
        ]
    },
    "submitted_ratings_time": "2023-10-16 11:29:23.691545",
    "volumes_at_rating_submission": {
        "bongo": 0.5,
        "metronome": 0.0,
        "drum": 0.5
    },
    "removed_hits": []
}