{
    "session_start_time": "2023-10-31 15:41:33.927376",
    "session_count": 885,
    "session_name": "session_00000885--2023-10-31--15-41-33",
    "session_dir": "/Users/cccb/Library/CloudStorage/GoogleDrive-elbongoserocccb@gmail.com/My Drive/SavedSessions/session_00000885--2023-10-31--15-41-33",
    "session_end_time": "2023-10-31 15:45:44.831296",
    "session_ended_by": "user",
    "level_of_musical_experience": [
        {
            "rating": 1,
            "time": "2023-10-31 15:45:51.411029"
        }
    ],
    "exhibition_rating": [
        {
            "rating": 5,
            "time": "2023-10-31 15:45:52.348785"
        }
    ],
    "explicitely_granted_consent": "Yes"
}