{
    "attempt_start_time": "2023-10-31 18:27:54.920045",
    "attempt_count": 2,
    "attempt_dir": "/Users/cccb/Library/CloudStorage/GoogleDrive-elbongoserocccb@gmail.com/My Drive/SavedSessions/session_00000914--2023-10-31--18-25-37/Part2_BongosAlonWithDrums/attempt_002",
    "tempos": [
        [
            130.0,
            "2023-10-31 18:27:54.925075"
        ],
        [
            132.0,
            "2023-10-31 18:28:11.542958"
        ],
        [
            134.0,
            "2023-10-31 18:28:12.576786"
        ],
        [
            139.0,
            "2023-10-31 18:28:12.794373"
        ],
        [
            144.0,
            "2023-10-31 18:28:13.003981"
        ],
        [
            149.0,
            "2023-10-31 18:28:13.168030"
        ],
        [
            150.0,
            "2023-10-31 18:28:13.352165"
        ]
    ],
    "cleared_to_retry_times": [
        "2023-10-31 18:27:54.926053"
    ],
    "groove_submission_time": "2023-10-31 18:28:18.439854",
    "midi_drum_path": [
        [
            "/Users/cccb/Library/CloudStorage/GoogleDrive-elbongoserocccb@gmail.com/My Drive/DrumMidis/Rock/p0000002969__m142__beat__rock__002---004.mid",
            "2023-10-31 18:27:54.924755"
        ]
    ],
    "volumes_at_submission": {
        "bongo": 0.0,
        "metronome": 0.21,
        "drum": 0.19
    },
    "attempt_ended_by": "submission",
    "removed_hits": [],
    "self_assessment_rating": [
        [
            4,
            "2023-10-31 18:28:20.640335"
        ]
    ]
}