{
    "attempt_start_time": "2023-10-17 19:03:13.641668",
    "attempt_count": 1,
    "attempt_dir": "/Users/cccb/Library/CloudStorage/GoogleDrive-elbongoserocccb@gmail.com/My Drive/SavedSessions/session_00000088/Part1_BongosToDrum/attempt_1",
    "tempos": [
        [
            90.0,
            "2023-10-17 19:03:13.742392"
        ],
        [
            92.0,
            "2023-10-17 19:03:19.081709"
        ]
    ],
    "cleared_to_retry_times": [
        "2023-10-17 19:03:13.743854"
    ],
    "requested_generation_time": "2023-10-17 19:04:05.489753",
    "volumes_at_generation_request": {
        "bongo": 0.88,
        "metronome": 0.23
    },
    "generation_0": {
        "pressed_play_time": [
            "2023-10-17 19:04:16.937605"
        ],
        "rankings": [
            [
                1,
                "2023-10-17 19:04:29.964315"
            ]
        ]
    },
    "generation_1": {
        "pressed_play_time": [
            "2023-10-17 19:04:31.954117"
        ],
        "rankings": [
            [
                2,
                "2023-10-17 19:04:40.725460"
            ]
        ]
    },
    "generation_2": {
        "pressed_play_time": [
            "2023-10-17 19:04:43.762418"
        ],
        "rankings": [
            [
                2,
                "2023-10-17 19:04:53.202373"
            ]
        ]
    },
    "submitted_ratings_time": "2023-10-17 19:04:55.678743",
    "volumes_at_rating_submission": {
        "bongo": 0.5,
        "metronome": 0.25,
        "drum": 0.5
    },
    "removed_hits": []
}