{
    "attempt_start_time": "2023-10-24 13:21:22.828376",
    "attempt_count": 5,
    "attempt_dir": "/Users/cccb/Library/CloudStorage/GoogleDrive-elbongoserocccb@gmail.com/My Drive/SavedSessions/session_00000423/Part2_BongosAlonWithDrums/attempt_005",
    "tempos": [
        [
            138.0,
            "2023-10-24 13:21:22.832218"
        ],
        [
            136.0,
            "2023-10-24 13:21:24.584326"
        ]
    ],
    "cleared_to_retry_times": [
        "2023-10-24 13:21:22.833188"
    ],
    "groove_submission_time": "2023-10-24 13:21:31.519490",
    "midi_drum_path": [
        [
            "/Users/cccb/Library/CloudStorage/GoogleDrive-elbongoserocccb@gmail.com/My Drive/DrumMidis/Hiphop/p0000000032__m004__beat__electronic+rock+breakbeat+dnb+hiphop__004---006.mid",
            "2023-10-24 13:21:22.831918"
        ]
    ],
    "volumes_at_submission": {
        "bongo": 0.5,
        "metronome": 0.0,
        "drum": 0.5
    },
    "attempt_ended_by": "submission",
    "removed_hits": [],
    "self_assessment_rating": [
        [
            3,
            "2023-10-24 13:21:32.739726"
        ]
    ]
}