{
    "attempt_start_time": "2023-10-25 10:52:12.972260",
    "attempt_count": 1,
    "attempt_dir": "/Users/cccb/Library/CloudStorage/GoogleDrive-elbongoserocccb@gmail.com/My Drive/SavedSessions/session_00000485/Part1_BongosToDrum/attempt_1",
    "tempos": [
        [
            90.0,
            "2023-10-25 10:52:13.073667"
        ]
    ],
    "cleared_to_retry_times": [
        "2023-10-25 10:52:13.079078"
    ],
    "requested_generation_time": "2023-10-25 19:26:19.437214",
    "volumes_at_generation_request": {
        "bongo": 0.5,
        "metronome": 0.5
    },
    "generation_0": {
        "pressed_play_time": [],
        "rankings": []
    },
    "generation_1": {
        "pressed_play_time": [],
        "rankings": []
    },
    "generation_2": {
        "pressed_play_time": [],
        "rankings": []
    },
    "submitted_ratings_time": null,
    "volumes_at_rating_submission": {
        "bongo": null,
        "metronome": null
    },
    "removed_hits": []
}