{
    "attempt_start_time": "2023-10-29 18:04:13.738220",
    "attempt_count": 1,
    "attempt_dir": "/Users/cccb/Library/CloudStorage/GoogleDrive-elbongoserocccb@gmail.com/My Drive/SavedSessions/session_00000791--2023-10-29--18-04-09/Part1_BongosToDrum/attempt_1",
    "tempos": [
        [
            90.0,
            "2023-10-29 18:04:13.839003"
        ],
        [
            92.0,
            "2023-10-29 18:04:34.437553"
        ],
        [
            94.0,
            "2023-10-29 18:04:34.744369"
        ],
        [
            99.0,
            "2023-10-29 18:04:35.036408"
        ]
    ],
    "cleared_to_retry_times": [
        "2023-10-29 18:04:13.840365",
        "2023-10-29 18:04:29.966706"
    ],
    "requested_generation_time": "2023-10-29 18:04:44.208641",
    "volumes_at_generation_request": {
        "bongo": 0.5,
        "metronome": 0.5
    },
    "generation_0": {
        "pressed_play_time": [
            "2023-10-29 18:04:49.202788"
        ],
        "rankings": [
            [
                2,
                "2023-10-29 18:04:56.412997"
            ]
        ]
    },
    "generation_1": {
        "pressed_play_time": [
            "2023-10-29 18:04:57.836340"
        ],
        "rankings": [
            [
                0,
                "2023-10-29 18:05:02.459438"
            ]
        ]
    },
    "generation_2": {
        "pressed_play_time": [
            "2023-10-29 18:05:03.488030"
        ],
        "rankings": [
            [
                4,
                "2023-10-29 18:05:06.926842"
            ]
        ]
    },
    "submitted_ratings_time": "2023-10-29 18:05:07.906465",
    "volumes_at_rating_submission": {
        "bongo": 0.5,
        "metronome": 0.25,
        "drum": 0.5
    },
    "removed_hits": []
}