{
    "attempt_start_time": "2023-10-24 15:32:55.271682",
    "attempt_count": 1,
    "attempt_dir": "/Users/cccb/Library/CloudStorage/GoogleDrive-elbongoserocccb@gmail.com/My Drive/SavedSessions/session_00000439/Part1_BongosToDrum/attempt_1",
    "tempos": [
        [
            90.0,
            "2023-10-24 15:32:55.373284"
        ],
        [
            92.0,
            "2023-10-24 15:34:01.409043"
        ],
        [
            94.0,
            "2023-10-24 15:34:15.022356"
        ],
        [
            99.0,
            "2023-10-24 15:34:15.309398"
        ],
        [
            104.0,
            "2023-10-24 15:34:15.602273"
        ],
        [
            109.0,
            "2023-10-24 15:34:15.809738"
        ],
        [
            114.0,
            "2023-10-24 15:34:15.977750"
        ],
        [
            119.0,
            "2023-10-24 15:34:16.149679"
        ]
    ],
    "cleared_to_retry_times": [
        "2023-10-24 15:32:55.374861"
    ],
    "requested_generation_time": "2023-10-24 15:34:17.758336",
    "volumes_at_generation_request": {
        "bongo": 0.5,
        "metronome": 0.5
    },
    "generation_0": {
        "pressed_play_time": [
            "2023-10-24 15:34:32.718153"
        ],
        "rankings": [
            [
                0,
                "2023-10-24 15:34:28.158971"
            ]
        ]
    },
    "generation_1": {
        "pressed_play_time": [
            "2023-10-24 15:34:33.620388"
        ],
        "rankings": [
            [
                0,
                "2023-10-24 15:34:35.020677"
            ]
        ]
    },
    "generation_2": {
        "pressed_play_time": [
            "2023-10-24 15:34:35.682073"
        ],
        "rankings": [
            [
                0,
                "2023-10-24 15:34:36.530300"
            ]
        ]
    },
    "submitted_ratings_time": "2023-10-24 15:34:37.490475",
    "volumes_at_rating_submission": {
        "bongo": 0.0,
        "metronome": 0.25,
        "drum": 0.5
    },
    "removed_hits": []
}