{
    "attempt_start_time": "2023-10-29 19:04:22.341853",
    "attempt_count": 1,
    "attempt_dir": "/Users/cccb/Library/CloudStorage/GoogleDrive-elbongoserocccb@gmail.com/My Drive/SavedSessions/session_00000807--2023-10-29--19-02-46/Part2_BongosAlonWithDrums/attempt_001",
    "tempos": [
        [
            104.0,
            "2023-10-29 19:04:22.345759"
        ]
    ],
    "cleared_to_retry_times": [
        "2023-10-29 19:04:22.346745"
    ],
    "groove_submission_time": "2023-10-29 19:04:25.244040",
    "midi_drum_path": [
        [
            "/Users/cccb/Library/CloudStorage/GoogleDrive-elbongoserocccb@gmail.com/My Drive/DrumMidis/Soul/p0000003934__m001__beat__soul__003---005.mid",
            "2023-10-29 19:04:22.345471"
        ]
    ],
    "volumes_at_submission": {
        "bongo": 0.5,
        "metronome": 0.0,
        "drum": 0.5
    },
    "attempt_ended_by": "submission",
    "removed_hits": [],
    "self_assessment_rating": [
        [
            2,
            "2023-10-29 19:04:26.217337"
        ]
    ]
}