{
    "session_start_time": "2023-10-28 14:36:39.310663",
    "session_count": 700,
    "session_name": "session_00000700--2023-10-28--14-36-39",
    "session_dir": "/Users/cccb/Library/CloudStorage/GoogleDrive-elbongoserocccb@gmail.com/My Drive/SavedSessions/session_00000700--2023-10-28--14-36-39",
    "session_end_time": "2023-10-28 14:40:39.258405",
    "session_ended_by": "timeout",
    "level_of_musical_experience": [],
    "exhibition_rating": [],
    "explicitely_granted_consent": "AssumedFalseAsTimedOut"
}