{
    "attempt_start_time": "2023-10-17 19:06:57.531682",
    "attempt_count": 3,
    "attempt_dir": "/Users/cccb/Library/CloudStorage/GoogleDrive-elbongoserocccb@gmail.com/My Drive/SavedSessions/session_00000088/Part2_BongosAlonWithDrums/attempt_003",
    "tempos": [
        [
            113.0,
            "2023-10-17 19:06:57.537343"
        ]
    ],
    "cleared_to_retry_times": [
        "2023-10-17 19:06:57.538794"
    ],
    "groove_submission_time": "2023-10-17 19:07:28.121601",
    "midi_drum_path": [
        [
            "/Users/cccb/Library/CloudStorage/GoogleDrive-elbongoserocccb@gmail.com/My Drive/DrumMidis/Jazz/p0000000949__m005__beat__rock+jazz+fusion__000---002.mid",
            "2023-10-17 19:06:57.537020"
        ]
    ],
    "volumes_at_submission": {
        "bongo": 0.5,
        "metronome": 0.0,
        "drum": 0.5
    },
    "attempt_ended_by": "submission",
    "removed_hits": [],
    "self_assessment_rating": [
        [
            4,
            "2023-10-17 19:07:31.678874"
        ],
        [
            4,
            "2023-10-17 19:07:31.797109"
        ]
    ]
}