{
    "attempt_start_time": "2023-10-31 17:23:59.638799",
    "attempt_count": 1,
    "attempt_dir": "/Users/cccb/Library/CloudStorage/GoogleDrive-elbongoserocccb@gmail.com/My Drive/SavedSessions/session_00000901--2023-10-31--17-23-18/Part1_BongosToDrum/attempt_1",
    "tempos": [
        [
            90.0,
            "2023-10-31 17:23:59.740432"
        ]
    ],
    "cleared_to_retry_times": [
        "2023-10-31 17:23:59.742126",
        "2023-10-31 17:25:54.612980"
    ],
    "requested_generation_time": "2023-10-31 17:24:32.921280",
    "volumes_at_generation_request": {
        "bongo": 0.5,
        "metronome": 0.5
    },
    "generation_0": {
        "pressed_play_time": [
            "2023-10-31 17:25:02.284842"
        ],
        "rankings": [
            [
                4,
                "2023-10-31 17:25:13.354254"
            ]
        ]
    },
    "generation_1": {
        "pressed_play_time": [
            "2023-10-31 17:25:24.587403"
        ],
        "rankings": [
            [
                3,
                "2023-10-31 17:25:37.301168"
            ]
        ]
    },
    "generation_2": {
        "pressed_play_time": [
            "2023-10-31 17:25:39.711944"
        ],
        "rankings": [
            [
                2,
                "2023-10-31 17:25:52.826397"
            ]
        ]
    },
    "submitted_ratings_time": "2023-10-31 17:25:54.611486",
    "volumes_at_rating_submission": {
        "bongo": 0.5,
        "metronome": 0.25,
        "drum": 0.5
    },
    "removed_hits": []
}