{
    "attempt_start_time": "2023-11-01 18:01:55.621306",
    "attempt_count": 1,
    "attempt_dir": "/Users/cccb/Library/CloudStorage/GoogleDrive-elbongoserocccb@gmail.com/My Drive/SavedSessions/session_00001015--2023-11-01--18-01-44/Part1_BongosToDrum/attempt_1",
    "tempos": [
        [
            90.0,
            "2023-11-01 18:01:55.721921"
        ]
    ],
    "cleared_to_retry_times": [
        "2023-11-01 18:01:55.723219",
        "2023-11-01 18:03:04.625640"
    ],
    "requested_generation_time": "2023-11-01 18:02:26.100069",
    "volumes_at_generation_request": {
        "bongo": 0.5,
        "metronome": 0.5
    },
    "generation_0": {
        "pressed_play_time": [
            "2023-11-01 18:02:44.276964"
        ],
        "rankings": [
            [
                2,
                "2023-11-01 18:02:35.117414"
            ],
            [
                3,
                "2023-11-01 18:02:48.159863"
            ]
        ]
    },
    "generation_1": {
        "pressed_play_time": [
            "2023-11-01 18:02:51.862550"
        ],
        "rankings": [
            [
                2,
                "2023-11-01 18:02:56.283325"
            ]
        ]
    },
    "generation_2": {
        "pressed_play_time": [
            "2023-11-01 18:02:57.893432"
        ],
        "rankings": [
            [
                1,
                "2023-11-01 18:03:02.870792"
            ]
        ]
    },
    "submitted_ratings_time": "2023-11-01 18:03:04.624167",
    "volumes_at_rating_submission": {
        "bongo": 0.73,
        "metronome": 0.84,
        "drum": 0.81
    },
    "removed_hits": []
}