{
    "attempt_start_time": "2023-10-29 18:11:09.004753",
    "attempt_count": 2,
    "attempt_dir": "/Users/cccb/Library/CloudStorage/GoogleDrive-elbongoserocccb@gmail.com/My Drive/SavedSessions/session_00000793--2023-10-29--18-09-21/Part2_BongosAlonWithDrums/attempt_002",
    "tempos": [
        [
            120.0,
            "2023-10-29 18:11:09.009453"
        ]
    ],
    "cleared_to_retry_times": [
        "2023-10-29 18:11:09.010485"
    ],
    "groove_submission_time": "2023-10-29 18:11:28.333963",
    "midi_drum_path": [
        [
            "/Users/cccb/Library/CloudStorage/GoogleDrive-elbongoserocccb@gmail.com/My Drive/DrumMidis/Disco/p0000003529__m001__beat__disco__106---108.mid",
            "2023-10-29 18:11:09.009104"
        ]
    ],
    "volumes_at_submission": {
        "bongo": 0.5,
        "metronome": 0.56,
        "drum": 0.31
    },
    "attempt_ended_by": "submission",
    "removed_hits": [],
    "self_assessment_rating": [
        [
            3,
            "2023-10-29 18:11:30.373767"
        ]
    ]
}