{
    "attempt_start_time": "2023-10-31 18:27:27.123067",
    "attempt_count": 1,
    "attempt_dir": "/Users/cccb/Library/CloudStorage/GoogleDrive-elbongoserocccb@gmail.com/My Drive/SavedSessions/session_00000914--2023-10-31--18-25-37/Part2_BongosAlonWithDrums/attempt_001",
    "tempos": [
        [
            118.0,
            "2023-10-31 18:27:27.128278"
        ]
    ],
    "cleared_to_retry_times": [
        "2023-10-31 18:27:27.129380"
    ],
    "groove_submission_time": "2023-10-31 18:27:47.771477",
    "midi_drum_path": [
        [
            "/Users/cccb/Library/CloudStorage/GoogleDrive-elbongoserocccb@gmail.com/My Drive/DrumMidis/Hiphop/p0000003044__m029__beat__hiphop__000---002.mid",
            "2023-10-31 18:27:27.127979"
        ]
    ],
    "volumes_at_submission": {
        "bongo": 1.0,
        "metronome": 0.21,
        "drum": 0.05
    },
    "attempt_ended_by": "submission",
    "removed_hits": [],
    "self_assessment_rating": [
        [
            4,
            "2023-10-31 18:27:51.647351"
        ]
    ]
}