{
    "attempt_start_time": "2023-10-24 18:45:01.936218",
    "attempt_count": 1,
    "attempt_dir": "/Users/cccb/Library/CloudStorage/GoogleDrive-elbongoserocccb@gmail.com/My Drive/SavedSessions/session_00000474/Part1_BongosToDrum/attempt_1",
    "tempos": [
        [
            90.0,
            "2023-10-24 18:45:02.037805"
        ],
        [
            88.0,
            "2023-10-24 18:45:31.469109"
        ]
    ],
    "cleared_to_retry_times": [
        "2023-10-24 18:45:02.039221"
    ],
    "requested_generation_time": "2023-10-24 18:46:03.141890",
    "volumes_at_generation_request": {
        "bongo": 1.0,
        "metronome": 0.3
    },
    "generation_0": {
        "pressed_play_time": [
            "2023-10-24 18:46:17.237662"
        ],
        "rankings": [
            [
                3,
                "2023-10-24 18:46:14.966759"
            ]
        ]
    },
    "generation_1": {
        "pressed_play_time": [
            "2023-10-24 18:46:24.931251"
        ],
        "rankings": [
            [
                3,
                "2023-10-24 18:46:46.277630"
            ]
        ]
    },
    "generation_2": {
        "pressed_play_time": [
            "2023-10-24 18:46:34.299361"
        ],
        "rankings": [
            [
                3,
                "2023-10-24 18:46:43.446167"
            ]
        ]
    },
    "submitted_ratings_time": "2023-10-24 18:46:47.400687",
    "volumes_at_rating_submission": {
        "bongo": 0.5,
        "metronome": 0.25,
        "drum": 0.5
    },
    "removed_hits": []
}