{
    "attempt_start_time": "2023-10-21 13:05:32.577723",
    "attempt_count": 2,
    "attempt_dir": "/Users/cccb/Library/CloudStorage/GoogleDrive-elbongoserocccb@gmail.com/My Drive/SavedSessions/session_00000328/Part2_BongosAlonWithDrums/attempt_002",
    "tempos": [
        [
            114.0,
            "2023-10-21 13:05:32.583845"
        ]
    ],
    "cleared_to_retry_times": [
        "2023-10-21 13:05:32.584917"
    ],
    "groove_submission_time": "2023-10-21 13:05:45.889361",
    "midi_drum_path": [
        [
            "/Users/cccb/Library/CloudStorage/GoogleDrive-elbongoserocccb@gmail.com/My Drive/DrumMidis/Afrobeat/p0000004126__m001__beat__afrobeat__032---034.mid",
            "2023-10-21 13:05:32.583555"
        ]
    ],
    "volumes_at_submission": {
        "bongo": 0.5,
        "metronome": 0.1,
        "drum": 0.5
    },
    "attempt_ended_by": "submission",
    "removed_hits": [],
    "self_assessment_rating": [
        [
            5,
            "2023-10-21 13:05:48.255822"
        ]
    ]
}