{
    "attempt_start_time": "2023-10-24 17:59:40.746862",
    "attempt_count": 1,
    "attempt_dir": "/Users/cccb/Library/CloudStorage/GoogleDrive-elbongoserocccb@gmail.com/My Drive/SavedSessions/session_00000466/Part2_BongosAlonWithDrums/attempt_001",
    "tempos": [
        [
            140.0,
            "2023-10-24 17:59:40.751450"
        ]
    ],
    "cleared_to_retry_times": [
        "2023-10-24 17:59:40.752599",
        "2023-10-24 17:59:57.661679"
    ],
    "groove_submission_time": "2023-10-24 18:00:14.333127",
    "midi_drum_path": [
        [
            "/Users/cccb/Library/CloudStorage/GoogleDrive-elbongoserocccb@gmail.com/My Drive/DrumMidis/Rock/p0000003004__m453__beat__rock__000---002.mid",
            "2023-10-24 17:59:40.751142"
        ]
    ],
    "volumes_at_submission": {
        "bongo": 0.5,
        "metronome": 0.0,
        "drum": 0.5
    },
    "attempt_ended_by": "submission",
    "removed_hits": [],
    "self_assessment_rating": [
        [
            3,
            "2023-10-24 18:00:18.831063"
        ]
    ]
}