{
    "attempt_start_time": "2023-10-28 15:22:24.087341",
    "attempt_count": 1,
    "attempt_dir": "/Users/cccb/Library/CloudStorage/GoogleDrive-elbongoserocccb@gmail.com/My Drive/SavedSessions/session_00000708--2023-10-28--15-14-50/Part2_BongosAlonWithDrums/attempt_001",
    "tempos": [
        [
            120.0,
            "2023-10-28 15:22:24.091027"
        ],
        [
            122.0,
            "2023-10-28 15:22:51.033859"
        ],
        [
            124.0,
            "2023-10-28 15:23:37.389103"
        ],
        [
            126.0,
            "2023-10-28 15:23:37.771398"
        ],
        [
            128.0,
            "2023-10-28 15:23:38.137960"
        ],
        [
            130.0,
            "2023-10-28 15:23:38.530081"
        ],
        [
            132.0,
            "2023-10-28 15:23:38.871209"
        ]
    ],
    "cleared_to_retry_times": [
        "2023-10-28 15:22:24.092018",
        "2023-10-28 15:23:10.831002",
        "2023-10-28 15:23:42.375573",
        "2023-10-28 15:24:07.109612"
    ],
    "groove_submission_time": "2023-10-28 15:24:09.690782",
    "midi_drum_path": [
        [
            "/Users/cccb/Library/CloudStorage/GoogleDrive-elbongoserocccb@gmail.com/My Drive/DrumMidis/Disco/p0000001897__m010__beat__disco__002---004.mid",
            "2023-10-28 15:22:24.090737"
        ]
    ],
    "volumes_at_submission": {
        "bongo": 0.5,
        "metronome": 0.0,
        "drum": 0.0
    },
    "attempt_ended_by": "submission",
    "removed_hits": [],
    "self_assessment_rating": [
        [
            5,
            "2023-10-28 15:24:14.667967"
        ],
        [
            5,
            "2023-10-28 15:24:14.856986"
        ]
    ]
}