{
    "session_start_time": "2023-10-27 19:08:57.493986",
    "session_count": 644,
    "session_name": "session_00000644--2023-10-27--19-08-57",
    "session_dir": "/Users/cccb/Library/CloudStorage/GoogleDrive-elbongoserocccb@gmail.com/My Drive/SavedSessions/session_00000644--2023-10-27--19-08-57",
    "session_end_time": "2023-10-27 19:16:25.628643",
    "session_ended_by": "user",
    "level_of_musical_experience": [
        {
            "rating": 3,
            "time": "2023-10-27 19:16:34.050597"
        }
    ],
    "exhibition_rating": [
        {
            "rating": 4,
            "time": "2023-10-27 19:16:35.218734"
        }
    ],
    "explicitely_granted_consent": "Yes"
}