{
    "attempt_start_time": "2023-10-19 18:30:43.245501",
    "attempt_count": 4,
    "attempt_dir": "/Users/cccb/Library/CloudStorage/GoogleDrive-elbongoserocccb@gmail.com/My Drive/SavedSessions/session_00000220/Part2_BongosAlonWithDrums/attempt_004",
    "tempos": [
        [
            89.0,
            "2023-10-19 18:30:43.250080"
        ],
        [
            91.0,
            "2023-10-19 18:30:46.397097"
        ],
        [
            93.0,
            "2023-10-19 18:30:46.976322"
        ]
    ],
    "cleared_to_retry_times": [
        "2023-10-19 18:30:43.251079"
    ],
    "groove_submission_time": "2023-10-19 18:31:27.674119",
    "midi_drum_path": [
        [
            "/Users/cccb/Library/CloudStorage/GoogleDrive-elbongoserocccb@gmail.com/My Drive/DrumMidis/Funk/p0000002807__m022__beat__funk__001---003_extended.mid",
            "2023-10-19 18:30:43.249804"
        ]
    ],
    "volumes_at_submission": {
        "bongo": 0.5,
        "metronome": 0.0,
        "drum": 0.5
    },
    "attempt_ended_by": "submission",
    "removed_hits": [],
    "self_assessment_rating": [
        [
            1,
            "2023-10-19 18:31:29.317729"
        ]
    ]
}