{
    "attempt_start_time": "2023-10-29 18:10:48.234618",
    "attempt_count": 1,
    "attempt_dir": "/Users/cccb/Library/CloudStorage/GoogleDrive-elbongoserocccb@gmail.com/My Drive/SavedSessions/session_00000793--2023-10-29--18-09-21/Part2_BongosAlonWithDrums/attempt_001",
    "tempos": [
        [
            100.0,
            "2023-10-29 18:10:48.237856"
        ],
        [
            102.0,
            "2023-10-29 18:10:50.537876"
        ]
    ],
    "cleared_to_retry_times": [
        "2023-10-29 18:10:48.239035"
    ],
    "groove_submission_time": "2023-10-29 18:11:03.797029",
    "midi_drum_path": [
        [
            "/Users/cccb/Library/CloudStorage/GoogleDrive-elbongoserocccb@gmail.com/My Drive/DrumMidis/Rock/p0000002871__m035__beat__rock__000---002.mid",
            "2023-10-29 18:10:48.237532"
        ]
    ],
    "volumes_at_submission": {
        "bongo": 0.5,
        "metronome": 0.0,
        "drum": 0.5
    },
    "attempt_ended_by": "submission",
    "removed_hits": [],
    "self_assessment_rating": [
        [
            2,
            "2023-10-29 18:11:06.973150"
        ]
    ]
}