{
    "attempt_start_time": "2023-10-31 15:45:05.918552",
    "attempt_count": 1,
    "attempt_dir": "/Users/cccb/Library/CloudStorage/GoogleDrive-elbongoserocccb@gmail.com/My Drive/SavedSessions/session_00000885--2023-10-31--15-41-33/Part2_BongosAlonWithDrums/attempt_001",
    "tempos": [
        [
            117.0,
            "2023-10-31 15:45:05.925405"
        ]
    ],
    "cleared_to_retry_times": [
        "2023-10-31 15:45:05.926354"
    ],
    "groove_submission_time": "2023-10-31 15:45:31.960640",
    "midi_drum_path": [
        [
            "/Users/cccb/Library/CloudStorage/GoogleDrive-elbongoserocccb@gmail.com/My Drive/DrumMidis/Disco/p0000000269__m011__beat__rnb+swing+disco__006---008.mid",
            "2023-10-31 15:45:05.925109"
        ]
    ],
    "volumes_at_submission": {
        "bongo": 0.22,
        "metronome": 0.0,
        "drum": 0.16
    },
    "attempt_ended_by": "submission",
    "removed_hits": [],
    "self_assessment_rating": [
        [
            5,
            "2023-10-31 15:45:35.888483"
        ],
        [
            5,
            "2023-10-31 15:45:37.198203"
        ]
    ]
}