{
    "attempt_start_time": "2023-11-01 18:57:18.679274",
    "attempt_count": 2,
    "attempt_dir": "/Users/cccb/Library/CloudStorage/GoogleDrive-elbongoserocccb@gmail.com/My Drive/SavedSessions/session_00001027--2023-11-01--18-52-52/Part2_BongosAlonWithDrums/attempt_002",
    "tempos": [
        [
            89.0,
            "2023-11-01 18:57:18.686072"
        ],
        [
            87.0,
            "2023-11-01 18:58:03.855551"
        ],
        [
            85.0,
            "2023-11-01 18:58:04.497539"
        ],
        [
            87.0,
            "2023-11-01 18:58:08.868855"
        ],
        [
            89.0,
            "2023-11-01 18:58:09.369771"
        ]
    ],
    "cleared_to_retry_times": [
        "2023-11-01 18:57:18.687449"
    ],
    "groove_submission_time": "2023-11-01 18:58:28.952417",
    "midi_drum_path": [
        [
            "/Users/cccb/Library/CloudStorage/GoogleDrive-elbongoserocccb@gmail.com/My Drive/DrumMidis/Afrobeat/p0000004073__m001__beat__afrobeat__022---024.mid",
            "2023-11-01 18:57:18.685562"
        ]
    ],
    "volumes_at_submission": {
        "bongo": 0.44,
        "metronome": 0.68,
        "drum": 0.17
    },
    "attempt_ended_by": "submission",
    "removed_hits": [],
    "self_assessment_rating": [
        [
            5,
            "2023-11-01 18:58:30.301620"
        ]
    ]
}