{
    "attempt_start_time": "2023-10-16 11:41:02.860215",
    "attempt_count": 1,
    "attempt_dir": "/Users/cccb/Library/CloudStorage/GoogleDrive-elbongoserocccb@gmail.com/My Drive/SavedSessions/session_00000054/Part1_BongosToDrum/attempt_1",
    "tempos": [
        [
            90.0,
            "2023-10-16 11:41:02.960796"
        ]
    ],
    "cleared_to_retry_times": [
        "2023-10-16 11:41:02.962111"
    ],
    "requested_generation_time": "2023-10-16 11:44:15.601885",
    "volumes_at_generation_request": {
        "bongo": 0.5,
        "metronome": 0.5
    },
    "generation_0": {
        "pressed_play_time": [
            "2023-10-16 11:44:20.983716",
            "2023-10-16 11:44:34.854947"
        ],
        "rankings": [
            [
                2,
                "2023-10-16 11:44:53.034856"
            ]
        ]
    },
    "generation_1": {
        "pressed_play_time": [
            "2023-10-16 11:44:54.548438"
        ],
        "rankings": [
            [
                2,
                "2023-10-16 11:45:23.407234"
            ],
            [
                2,
                "2023-10-16 11:45:25.984984"
            ]
        ]
    },
    "generation_2": {
        "pressed_play_time": [
            "2023-10-16 11:45:27.259914"
        ],
        "rankings": [
            [
                3,
                "2023-10-16 11:45:39.228875"
            ]
        ]
    },
    "submitted_ratings_time": "2023-10-16 11:45:41.141400",
    "volumes_at_rating_submission": {
        "bongo": 0.5,
        "metronome": 0.0,
        "drum": 0.5
    },
    "removed_hits": [
        {
            "hand": "right",
            "ppq": 7.47188,
            "vel": 0.456693,
            "time": "2023-10-16 11:41:11.950606"
        },
        {
            "hand": "left",
            "ppq": 7.47188,
            "vel": 0.456693,
            "time": "2023-10-16 11:41:24.840875"
        },
        {
            "hand": "right",
            "ppq": 7.47188,
            "vel": 0.456693,
            "time": "2023-10-16 11:41:26.994151"
        },
        {
            "hand": "right",
            "ppq": 7.47188,
            "vel": 0.456693,
            "time": "2023-10-16 11:41:31.122734"
        },
        {
            "hand": "left",
            "ppq": 7.47188,
            "vel": 0.456693,
            "time": "2023-10-16 11:41:38.515660"
        },
        {
            "hand": "right",
            "ppq": 7.47188,
            "vel": 0.456693,
            "time": "2023-10-16 11:41:39.350830"
        },
        {
            "hand": "left",
            "ppq": 7.80334,
            "vel": 0.716535,
            "time": "2023-10-16 11:44:04.989092"
        },
        {
            "hand": "right",
            "ppq": 7.01887,
            "vel": 0.653543,
            "time": "2023-10-16 11:44:05.698651"
        }
    ]
}