{
    "attempt_start_time": "2023-10-27 19:13:38.851888",
    "attempt_count": 1,
    "attempt_dir": "/Users/cccb/Library/CloudStorage/GoogleDrive-elbongoserocccb@gmail.com/My Drive/SavedSessions/session_00000644--2023-10-27--19-08-57/Part2_BongosAlonWithDrums/attempt_001",
    "tempos": [
        [
            140.0,
            "2023-10-27 19:13:38.856358"
        ]
    ],
    "cleared_to_retry_times": [
        "2023-10-27 19:13:38.857329",
        "2023-10-27 19:14:14.639960",
        "2023-10-27 19:14:39.528844",
        "2023-10-27 19:14:46.758140"
    ],
    "groove_submission_time": "2023-10-27 19:15:07.356329",
    "midi_drum_path": [
        [
            "/Users/cccb/Library/CloudStorage/GoogleDrive-elbongoserocccb@gmail.com/My Drive/DrumMidis/Rock/p0000003004__m239__beat__rock__000---002.mid",
            "2023-10-27 19:13:38.856075"
        ]
    ],
    "volumes_at_submission": {
        "bongo": 0.15,
        "metronome": 0.0,
        "drum": 0.08
    },
    "attempt_ended_by": "submission",
    "removed_hits": [],
    "self_assessment_rating": [
        [
            3,
            "2023-10-27 19:15:15.221731"
        ]
    ]
}