{
    "attempt_start_time": "2023-10-22 17:47:42.443705",
    "attempt_count": 5,
    "attempt_dir": "/Users/cccb/Library/CloudStorage/GoogleDrive-elbongoserocccb@gmail.com/My Drive/SavedSessions/session_00000390/Part1_BongosToDrum/attempt_5",
    "tempos": [
        [
            90.0,
            "2023-10-22 17:47:42.544629"
        ]
    ],
    "cleared_to_retry_times": [
        "2023-10-22 17:47:42.548970",
        "2023-10-22 17:47:45.686441",
        "2023-10-22 17:47:45.753965",
        "2023-10-22 17:47:47.779230"
    ],
    "requested_generation_time": "2023-10-22 17:48:03.122960",
    "volumes_at_generation_request": {
        "bongo": 0.5,
        "metronome": 0.5
    },
    "generation_0": {
        "pressed_play_time": [],
        "rankings": []
    },
    "generation_1": {
        "pressed_play_time": [],
        "rankings": []
    },
    "generation_2": {
        "pressed_play_time": [],
        "rankings": []
    },
    "submitted_ratings_time": null,
    "volumes_at_rating_submission": {
        "bongo": null,
        "metronome": null
    },
    "removed_hits": []
}