{
    "attempt_start_time": "2023-10-31 19:02:36.768906",
    "attempt_count": 1,
    "attempt_dir": "/Users/cccb/Library/CloudStorage/GoogleDrive-elbongoserocccb@gmail.com/My Drive/SavedSessions/session_00000920--2023-10-31--18-58-49/Part2_BongosAlonWithDrums/attempt_001",
    "tempos": [
        [
            110.0,
            "2023-10-31 19:02:36.774545"
        ]
    ],
    "cleared_to_retry_times": [
        "2023-10-31 19:02:36.775465"
    ],
    "groove_submission_time": "2023-10-31 19:03:14.307470",
    "midi_drum_path": [
        [
            "/Users/cccb/Library/CloudStorage/GoogleDrive-elbongoserocccb@gmail.com/My Drive/DrumMidis/Bossanova/p0000002892__m038__beat__bossanova+funk+world__000---002.mid",
            "2023-10-31 19:02:36.774234"
        ]
    ],
    "volumes_at_submission": {
        "bongo": 0.5,
        "metronome": 0.0,
        "drum": 0.5
    },
    "attempt_ended_by": "submission",
    "removed_hits": [],
    "self_assessment_rating": [
        [
            5,
            "2023-10-31 19:03:17.457891"
        ]
    ]
}