{
    "attempt_start_time": "2023-10-26 14:41:53.938517",
    "attempt_count": 1,
    "attempt_dir": "/Users/cccb/Library/CloudStorage/GoogleDrive-elbongoserocccb@gmail.com/My Drive/SavedSessions/session_00000515--2023-10-26--14-36-50/Part2_BongosAlonWithDrums/attempt_001",
    "tempos": [
        [
            131.0,
            "2023-10-26 14:41:53.943461"
        ]
    ],
    "cleared_to_retry_times": [
        "2023-10-26 14:41:53.944486",
        "2023-10-26 14:42:18.332146"
    ],
    "groove_submission_time": "2023-10-26 14:42:40.307611",
    "midi_drum_path": [
        [
            "/Users/cccb/Library/CloudStorage/GoogleDrive-elbongoserocccb@gmail.com/My Drive/DrumMidis/Rock/p0000001524__m003__beat__rock+funk__002---004.mid",
            "2023-10-26 14:41:53.943195"
        ]
    ],
    "volumes_at_submission": {
        "bongo": 0.5,
        "metronome": 1.0,
        "drum": 0.5
    },
    "attempt_ended_by": "submission",
    "removed_hits": [],
    "self_assessment_rating": [
        [
            3,
            "2023-10-26 14:42:42.458952"
        ]
    ]
}