{
    "attempt_start_time": "2023-10-24 18:43:05.575861",
    "attempt_count": 4,
    "attempt_dir": "/Users/cccb/Library/CloudStorage/GoogleDrive-elbongoserocccb@gmail.com/My Drive/SavedSessions/session_00000473/Part2_BongosAlonWithDrums/attempt_004",
    "tempos": [
        [
            140.0,
            "2023-10-24 18:43:05.580090"
        ]
    ],
    "cleared_to_retry_times": [
        "2023-10-24 18:43:05.581212",
        "2023-10-24 18:43:15.101741",
        "2023-10-24 18:43:26.363485",
        "2023-10-24 18:43:31.952648"
    ],
    "groove_submission_time": "2023-10-24 18:43:48.756418",
    "midi_drum_path": [
        [
            "/Users/cccb/Library/CloudStorage/GoogleDrive-elbongoserocccb@gmail.com/My Drive/DrumMidis/Rock/p0000003005__m113__beat__rock__001---003.mid",
            "2023-10-24 18:43:05.579751"
        ]
    ],
    "volumes_at_submission": {
        "bongo": 0.22,
        "metronome": 0.0,
        "drum": 0.32
    },
    "attempt_ended_by": "submission",
    "removed_hits": [],
    "self_assessment_rating": [
        [
            5,
            "2023-10-24 18:43:49.680062"
        ]
    ]
}