{
    "attempt_start_time": "2023-10-17 12:30:58.445498",
    "attempt_count": 2,
    "attempt_dir": "/Users/cccb/Library/CloudStorage/GoogleDrive-elbongoserocccb@gmail.com/My Drive/SavedSessions/session_00000076/Part2_BongosAlonWithDrums/attempt_002",
    "tempos": [
        [
            109.0,
            "2023-10-17 12:30:58.449156"
        ]
    ],
    "cleared_to_retry_times": [
        "2023-10-17 12:30:58.450453"
    ],
    "groove_submission_time": "2023-10-17 12:31:13.119103",
    "midi_drum_path": [
        [
            "/Users/cccb/Library/CloudStorage/GoogleDrive-elbongoserocccb@gmail.com/My Drive/DrumMidis/Funk/p0000000050__m001__beat__rock+funk__000---002.mid",
            "2023-10-17 12:30:58.448846"
        ]
    ],
    "volumes_at_submission": {
        "bongo": 0.5,
        "metronome": 0.0,
        "drum": 0.31
    },
    "attempt_ended_by": "submission",
    "removed_hits": [],
    "self_assessment_rating": [
        [
            4,
            "2023-10-17 12:31:16.340636"
        ]
    ]
}