{
    "session_start_time": "2023-10-24 12:35:42.070148",
    "session_count": 416,
    "session_name": "session_00000416",
    "session_dir": "/Users/cccb/Library/CloudStorage/GoogleDrive-elbongoserocccb@gmail.com/My Drive/SavedSessions/session_00000416",
    "session_end_time": "2023-10-24 12:39:00.932069",
    "session_ended_by": "user",
    "level_of_musical_experience": [
        {
            "rating": 2,
            "time": "2023-10-24 12:39:04.645686"
        }
    ],
    "exhibition_rating": [
        {
            "rating": 3,
            "time": "2023-10-24 12:39:06.596500"
        }
    ],
    "explicitely_granted_consent": "Yes"
}