{
    "attempt_start_time": "2023-10-31 18:28:23.759389",
    "attempt_count": 3,
    "attempt_dir": "/Users/cccb/Library/CloudStorage/GoogleDrive-elbongoserocccb@gmail.com/My Drive/SavedSessions/session_00000914--2023-10-31--18-25-37/Part2_BongosAlonWithDrums/attempt_003",
    "tempos": [
        [
            120.0,
            "2023-10-31 18:28:23.763173"
        ],
        [
            122.0,
            "2023-10-31 18:28:46.255316"
        ],
        [
            124.0,
            "2023-10-31 18:28:46.562585"
        ],
        [
            126.0,
            "2023-10-31 18:28:49.413953"
        ],
        [
            131.0,
            "2023-10-31 18:28:49.650741"
        ]
    ],
    "cleared_to_retry_times": [
        "2023-10-31 18:28:23.764219"
    ],
    "groove_submission_time": "2023-10-31 18:28:52.020150",
    "midi_drum_path": [
        [
            "/Users/cccb/Library/CloudStorage/GoogleDrive-elbongoserocccb@gmail.com/My Drive/DrumMidis/Disco/p0000001903__m002__beat__disco__002---004.mid",
            "2023-10-31 18:28:23.762846"
        ]
    ],
    "volumes_at_submission": {
        "bongo": 0.0,
        "metronome": 0.31,
        "drum": 0.52
    },
    "attempt_ended_by": "submission",
    "removed_hits": [],
    "self_assessment_rating": [
        [
            5,
            "2023-10-31 18:28:54.775782"
        ]
    ]
}