{
    "attempt_start_time": "2023-10-17 12:26:20.011937",
    "attempt_count": 1,
    "attempt_dir": "/Users/cccb/Library/CloudStorage/GoogleDrive-elbongoserocccb@gmail.com/My Drive/SavedSessions/session_00000076/Part1_BongosToDrum/attempt_1",
    "tempos": [
        [
            90.0,
            "2023-10-17 12:26:20.112525"
        ]
    ],
    "cleared_to_retry_times": [
        "2023-10-17 12:26:20.113679",
        "2023-10-17 12:26:38.192484",
        "2023-10-17 12:26:48.058186",
        "2023-10-17 12:26:48.695520",
        "2023-10-17 12:27:10.264829"
    ],
    "requested_generation_time": "2023-10-17 12:27:21.349285",
    "volumes_at_generation_request": {
        "bongo": 0.5,
        "metronome": 0.5
    },
    "generation_0": {
        "pressed_play_time": [
            "2023-10-17 12:27:31.952954",
            "2023-10-17 12:28:12.976819",
            "2023-10-17 12:28:26.190871",
            "2023-10-17 12:29:53.165011"
        ],
        "rankings": [
            [
                4,
                "2023-10-17 12:27:44.522694"
            ],
            [
                3,
                "2023-10-17 12:28:38.349330"
            ]
        ]
    },
    "generation_1": {
        "pressed_play_time": [
            "2023-10-17 12:27:46.144749",
            "2023-10-17 12:28:39.651729",
            "2023-10-17 12:28:54.725767",
            "2023-10-17 12:29:08.475611"
        ],
        "rankings": [
            [
                4,
                "2023-10-17 12:27:58.977318"
            ],
            [
                2,
                "2023-10-17 12:28:50.846283"
            ],
            [
                3,
                "2023-10-17 12:29:51.437747"
            ]
        ]
    },
    "generation_2": {
        "pressed_play_time": [
            "2023-10-17 12:28:00.320188",
            "2023-10-17 12:29:20.626610",
            "2023-10-17 12:29:23.520233",
            "2023-10-17 12:29:36.934739"
        ],
        "rankings": [
            [
                2,
                "2023-10-17 12:29:49.874819"
            ]
        ]
    },
    "submitted_ratings_time": "2023-10-17 12:30:01.885053",
    "volumes_at_rating_submission": {
        "bongo": 0.0,
        "metronome": 0.25,
        "drum": 0.5
    },
    "removed_hits": []
}