{
    "session_start_time": "2023-10-16 11:28:31.301877",
    "session_count": 46,
    "session_name": "session_00000046",
    "session_dir": "/Users/cccb/Library/CloudStorage/GoogleDrive-elbongoserocccb@gmail.com/My Drive/SavedSessions/session_00000046",
    "session_end_time": "2023-10-16 11:30:32.753273",
    "session_ended_by": "user",
    "level_of_musical_experience": [
        {
            "rating": 2,
            "time": "2023-10-16 11:30:34.064461"
        }
    ],
    "exhibition_rating": [
        {
            "rating": 3,
            "time": "2023-10-16 11:30:35.561241"
        }
    ],
    "explicitely_granted_consent": "Yes"
}