{
    "attempt_start_time": "2023-11-01 11:38:46.452379",
    "attempt_count": 1,
    "attempt_dir": "/Users/cccb/Library/CloudStorage/GoogleDrive-elbongoserocccb@gmail.com/My Drive/SavedSessions/session_00000930--2023-11-01--11-38-44/Part1_BongosToDrum/attempt_1",
    "tempos": [
        [
            90.0,
            "2023-11-01 11:38:46.553655"
        ]
    ],
    "cleared_to_retry_times": [
        "2023-11-01 11:38:46.554744",
        "2023-11-01 11:39:24.885897"
    ],
    "requested_generation_time": "2023-11-01 11:39:00.611088",
    "volumes_at_generation_request": {
        "bongo": 0.5,
        "metronome": 0.5
    },
    "generation_0": {
        "pressed_play_time": [
            "2023-11-01 11:39:05.590712"
        ],
        "rankings": [
            [
                3,
                "2023-11-01 11:39:13.499724"
            ],
            [
                4,
                "2023-11-01 11:39:15.168103"
            ]
        ]
    },
    "generation_1": {
        "pressed_play_time": [
            "2023-11-01 11:39:16.304300"
        ],
        "rankings": [
            [
                4,
                "2023-11-01 11:39:18.466362"
            ]
        ]
    },
    "generation_2": {
        "pressed_play_time": [
            "2023-11-01 11:39:20.288206"
        ],
        "rankings": [
            [
                3,
                "2023-11-01 11:39:24.084690"
            ]
        ]
    },
    "submitted_ratings_time": "2023-11-01 11:39:24.884479",
    "volumes_at_rating_submission": {
        "bongo": 0.5,
        "metronome": 0.25,
        "drum": 0.5
    },
    "removed_hits": []
}