{
    "session_start_time": "2023-10-16 11:34:02.070303",
    "session_count": 51,
    "session_name": "session_00000051",
    "session_dir": "/Users/cccb/Library/CloudStorage/GoogleDrive-elbongoserocccb@gmail.com/My Drive/SavedSessions/session_00000051",
    "session_end_time": "2023-10-16 11:34:18.232173",
    "session_ended_by": "user",
    "level_of_musical_experience": [
        {
            "rating": 2,
            "time": "2023-10-16 11:34:19.991986"
        }
    ],
    "exhibition_rating": [
        {
            "rating": 4,
            "time": "2023-10-16 11:34:20.492284"
        }
    ],
    "explicitely_granted_consent": "Yes"
}