{
    "attempt_start_time": "2023-10-28 15:19:47.685394",
    "attempt_count": 3,
    "attempt_dir": "/Users/cccb/Library/CloudStorage/GoogleDrive-elbongoserocccb@gmail.com/My Drive/SavedSessions/session_00000708--2023-10-28--15-14-50/Part1_BongosToDrum/attempt_3",
    "tempos": [
        [
            94.0,
            "2023-10-28 15:19:47.786062"
        ]
    ],
    "cleared_to_retry_times": [
        "2023-10-28 15:19:47.787240",
        "2023-10-28 15:20:56.822607"
    ],
    "requested_generation_time": "2023-10-28 15:21:16.311538",
    "volumes_at_generation_request": {
        "bongo": 0.45,
        "metronome": 0.39
    },
    "generation_0": {
        "pressed_play_time": [
            "2023-10-28 15:21:23.534948"
        ],
        "rankings": [
            [
                2,
                "2023-10-28 15:21:35.596885"
            ]
        ]
    },
    "generation_1": {
        "pressed_play_time": [
            "2023-10-28 15:21:37.648378"
        ],
        "rankings": [
            [
                1,
                "2023-10-28 15:21:44.039269"
            ]
        ]
    },
    "generation_2": {
        "pressed_play_time": [
            "2023-10-28 15:21:44.996666"
        ],
        "rankings": [
            [
                0,
                "2023-10-28 15:21:49.010094"
            ]
        ]
    },
    "submitted_ratings_time": "2023-10-28 15:21:50.324812",
    "volumes_at_rating_submission": {
        "bongo": 0.47,
        "metronome": 0.43,
        "drum": 0.48
    },
    "removed_hits": [
        {
            "hand": "left",
            "ppq": 7.65259,
            "vel": 0.858268,
            "time": "2023-10-28 15:20:41.430118"
        }
    ]
}