{
    "attempt_start_time": "2023-10-29 19:04:38.466151",
    "attempt_count": 3,
    "attempt_dir": "/Users/cccb/Library/CloudStorage/GoogleDrive-elbongoserocccb@gmail.com/My Drive/SavedSessions/session_00000807--2023-10-29--19-02-46/Part2_BongosAlonWithDrums/attempt_003",
    "tempos": [
        [
            120.0,
            "2023-10-29 19:04:38.469253"
        ],
        [
            122.0,
            "2023-10-29 19:04:57.260778"
        ],
        [
            124.0,
            "2023-10-29 19:04:57.576847"
        ],
        [
            126.0,
            "2023-10-29 19:04:58.182633"
        ]
    ],
    "cleared_to_retry_times": [
        "2023-10-29 19:04:38.470194"
    ],
    "groove_submission_time": "2023-10-29 19:05:11.061384",
    "midi_drum_path": [
        [
            "/Users/cccb/Library/CloudStorage/GoogleDrive-elbongoserocccb@gmail.com/My Drive/DrumMidis/Electronic/1359_breakbeat_whentheleveebreaksEH01.mid",
            "2023-10-29 19:04:38.468984"
        ]
    ],
    "volumes_at_submission": {
        "bongo": 0.3,
        "metronome": 0.0,
        "drum": 0.14
    },
    "attempt_ended_by": "submission",
    "removed_hits": [],
    "self_assessment_rating": [
        [
            3,
            "2023-10-29 19:05:11.783684"
        ]
    ]
}