{
    "attempt_start_time": "2023-10-17 19:42:41.366675",
    "attempt_count": 2,
    "attempt_dir": "/Users/cccb/Library/CloudStorage/GoogleDrive-elbongoserocccb@gmail.com/My Drive/SavedSessions/session_00000097/Part1_BongosToDrum/attempt_2",
    "tempos": [
        [
            90.0,
            "2023-10-17 19:42:41.467392"
        ],
        [
            92.0,
            "2023-10-17 19:43:04.639651"
        ],
        [
            94.0,
            "2023-10-17 19:43:14.477167"
        ],
        [
            96.0,
            "2023-10-17 19:43:14.846702"
        ],
        [
            101.0,
            "2023-10-17 19:43:15.042640"
        ]
    ],
    "cleared_to_retry_times": [
        "2023-10-17 19:42:41.469032"
    ],
    "requested_generation_time": "2023-10-17 19:43:40.896483",
    "volumes_at_generation_request": {
        "bongo": 0.5,
        "metronome": 0.5
    },
    "generation_0": {
        "pressed_play_time": [
            "2023-10-17 19:43:46.277903",
            "2023-10-17 19:44:04.893771",
            "2023-10-17 19:44:27.911241",
            "2023-10-17 19:44:45.463462",
            "2023-10-17 19:45:31.810834"
        ],
        "rankings": [
            [
                3,
                "2023-10-17 19:45:04.655714"
            ]
        ]
    },
    "generation_1": {
        "pressed_play_time": [
            "2023-10-17 19:44:59.228282",
            "2023-10-17 19:45:11.924664"
        ],
        "rankings": [
            [
                0,
                "2023-10-17 19:45:16.975840"
            ]
        ]
    },
    "generation_2": {
        "pressed_play_time": [
            "2023-10-17 19:45:20.657211"
        ],
        "rankings": [
            [
                0,
                "2023-10-17 19:45:30.722595"
            ]
        ]
    },
    "submitted_ratings_time": "2023-10-17 19:45:41.562814",
    "volumes_at_rating_submission": {
        "bongo": 0.26,
        "metronome": 0.0,
        "drum": 0.69
    },
    "removed_hits": []
}