{
    "session_start_time": "2023-10-31 19:04:52.408165",
    "session_count": 921,
    "session_name": "session_00000921--2023-10-31--19-04-52",
    "session_dir": "/Users/cccb/Library/CloudStorage/GoogleDrive-elbongoserocccb@gmail.com/My Drive/SavedSessions/session_00000921--2023-10-31--19-04-52",
    "session_end_time": "2023-10-31 19:11:50.339605",
    "session_ended_by": "timeout",
    "level_of_musical_experience": [],
    "exhibition_rating": [],
    "explicitely_granted_consent": "AssumedFalseAsTimedOut"
}