{
    "attempt_start_time": "2023-10-31 18:25:59.555581",
    "attempt_count": 1,
    "attempt_dir": "/Users/cccb/Library/CloudStorage/GoogleDrive-elbongoserocccb@gmail.com/My Drive/SavedSessions/session_00000914--2023-10-31--18-25-37/Part1_BongosToDrum/attempt_1",
    "tempos": [
        [
            90.0,
            "2023-10-31 18:25:59.656448"
        ]
    ],
    "cleared_to_retry_times": [
        "2023-10-31 18:25:59.657802",
        "2023-10-31 18:27:04.946917"
    ],
    "requested_generation_time": "2023-10-31 18:26:14.633749",
    "volumes_at_generation_request": {
        "bongo": 0.5,
        "metronome": 0.5
    },
    "generation_0": {
        "pressed_play_time": [],
        "rankings": [
            [
                2,
                "2023-10-31 18:26:22.401067"
            ],
            [
                3,
                "2023-10-31 18:26:23.665727"
            ],
            [
                0,
                "2023-10-31 18:26:26.336147"
            ],
            [
                3,
                "2023-10-31 18:26:43.592295"
            ]
        ]
    },
    "generation_1": {
        "pressed_play_time": [
            "2023-10-31 18:26:46.653707"
        ],
        "rankings": [
            [
                2,
                "2023-10-31 18:26:50.480691"
            ]
        ]
    },
    "generation_2": {
        "pressed_play_time": [
            "2023-10-31 18:26:56.466481"
        ],
        "rankings": [
            [
                3,
                "2023-10-31 18:27:03.550568"
            ]
        ]
    },
    "submitted_ratings_time": "2023-10-31 18:27:04.945405",
    "volumes_at_rating_submission": {
        "bongo": 0.78,
        "metronome": 0.25,
        "drum": 0.81
    },
    "removed_hits": []
}