{
    "attempt_start_time": "2023-10-29 18:09:40.842959",
    "attempt_count": 1,
    "attempt_dir": "/Users/cccb/Library/CloudStorage/GoogleDrive-elbongoserocccb@gmail.com/My Drive/SavedSessions/session_00000793--2023-10-29--18-09-21/Part1_BongosToDrum/attempt_1",
    "tempos": [
        [
            90.0,
            "2023-10-29 18:09:40.944577"
        ],
        [
            92.0,
            "2023-10-29 18:10:05.719392"
        ]
    ],
    "cleared_to_retry_times": [
        "2023-10-29 18:09:40.945982"
    ],
    "requested_generation_time": "2023-10-29 18:10:10.227146",
    "volumes_at_generation_request": {
        "bongo": 0.5,
        "metronome": 0.5
    },
    "generation_0": {
        "pressed_play_time": [
            "2023-10-29 18:10:15.588478"
        ],
        "rankings": [
            [
                2,
                "2023-10-29 18:10:21.142296"
            ],
            [
                3,
                "2023-10-29 18:10:22.092668"
            ]
        ]
    },
    "generation_1": {
        "pressed_play_time": [
            "2023-10-29 18:10:23.479202"
        ],
        "rankings": [
            [
                0,
                "2023-10-29 18:10:28.031453"
            ]
        ]
    },
    "generation_2": {
        "pressed_play_time": [
            "2023-10-29 18:10:29.659110"
        ],
        "rankings": [
            [
                1,
                "2023-10-29 18:10:35.418299"
            ]
        ]
    },
    "submitted_ratings_time": "2023-10-29 18:10:36.953294",
    "volumes_at_rating_submission": {
        "bongo": 0.5,
        "metronome": 0.25,
        "drum": 0.5
    },
    "removed_hits": []
}