{
    "attempt_start_time": "2023-10-17 19:05:24.612077",
    "attempt_count": 1,
    "attempt_dir": "/Users/cccb/Library/CloudStorage/GoogleDrive-elbongoserocccb@gmail.com/My Drive/SavedSessions/session_00000088/Part2_BongosAlonWithDrums/attempt_001",
    "tempos": [
        [
            104.0,
            "2023-10-17 19:05:24.617685"
        ],
        [
            102.0,
            "2023-10-17 19:05:58.221064"
        ],
        [
            100.0,
            "2023-10-17 19:05:58.543469"
        ]
    ],
    "cleared_to_retry_times": [
        "2023-10-17 19:05:24.618638"
    ],
    "groove_submission_time": "2023-10-17 19:06:03.678740",
    "midi_drum_path": [
        [
            "/Users/cccb/Library/CloudStorage/GoogleDrive-elbongoserocccb@gmail.com/My Drive/DrumMidis/Soul/p0000003931__m001__beat__soul__006---008.mid",
            "2023-10-17 19:05:24.617409"
        ]
    ],
    "volumes_at_submission": {
        "bongo": 0.5,
        "metronome": 0.0,
        "drum": 0.5
    },
    "attempt_ended_by": "submission",
    "removed_hits": [],
    "self_assessment_rating": [
        [
            4,
            "2023-10-17 19:06:10.179077"
        ]
    ]
}