{
    "attempt_start_time": "2023-10-26 15:29:13.226497",
    "attempt_count": 1,
    "attempt_dir": "/Users/cccb/Library/CloudStorage/GoogleDrive-elbongoserocccb@gmail.com/My Drive/SavedSessions/session_00000522--2023-10-26--15-25-27/Part1_BongosToDrum/attempt_1",
    "tempos": [
        [
            90.0,
            "2023-10-26 15:29:13.328087"
        ],
        [
            92.0,
            "2023-10-26 15:29:47.971670"
        ]
    ],
    "cleared_to_retry_times": [
        "2023-10-26 15:29:13.329345",
        "2023-10-26 15:30:12.661408"
    ],
    "requested_generation_time": "2023-10-26 15:31:16.620226",
    "volumes_at_generation_request": {
        "bongo": 0.62,
        "metronome": 0.72
    },
    "generation_0": {
        "pressed_play_time": [
            "2023-10-26 15:31:30.848656"
        ],
        "rankings": [
            [
                3,
                "2023-10-26 15:31:45.473851"
            ]
        ]
    },
    "generation_1": {
        "pressed_play_time": [
            "2023-10-26 15:31:47.280416"
        ],
        "rankings": [
            [
                3,
                "2023-10-26 15:32:01.943141"
            ]
        ]
    },
    "generation_2": {
        "pressed_play_time": [
            "2023-10-26 15:32:03.553299"
        ],
        "rankings": [
            [
                4,
                "2023-10-26 15:32:15.319466"
            ]
        ]
    },
    "submitted_ratings_time": "2023-10-26 15:32:16.837723",
    "volumes_at_rating_submission": {
        "bongo": 0.5,
        "metronome": 0.25,
        "drum": 0.5
    },
    "removed_hits": []
}