{
    "attempt_start_time": "2023-10-21 13:05:02.104818",
    "attempt_count": 1,
    "attempt_dir": "/Users/cccb/Library/CloudStorage/GoogleDrive-elbongoserocccb@gmail.com/My Drive/SavedSessions/session_00000328/Part2_BongosAlonWithDrums/attempt_001",
    "tempos": [
        [
            120.0,
            "2023-10-21 13:05:02.107467"
        ]
    ],
    "cleared_to_retry_times": [
        "2023-10-21 13:05:02.108375"
    ],
    "groove_submission_time": "2023-10-21 13:05:23.006401",
    "midi_drum_path": [
        [
            "/Users/cccb/Library/CloudStorage/GoogleDrive-elbongoserocccb@gmail.com/My Drive/DrumMidis/Disco/p0000002215__m004__beat__indie+disco__000---002.mid",
            "2023-10-21 13:05:02.107174"
        ]
    ],
    "volumes_at_submission": {
        "bongo": 0.5,
        "metronome": 0.1,
        "drum": 0.5
    },
    "attempt_ended_by": "submission",
    "removed_hits": [],
    "self_assessment_rating": [
        [
            1,
            "2023-10-21 13:05:26.204879"
        ],
        [
            5,
            "2023-10-21 13:05:27.335991"
        ]
    ]
}