{
    "session_start_time": "2023-10-17 12:26:12.074410",
    "session_count": 76,
    "session_name": "session_00000076",
    "session_dir": "/Users/cccb/Library/CloudStorage/GoogleDrive-elbongoserocccb@gmail.com/My Drive/SavedSessions/session_00000076",
    "session_end_time": "2023-10-17 12:31:57.557331",
    "session_ended_by": "user",
    "level_of_musical_experience": [
        {
            "rating": 4,
            "time": "2023-10-17 12:32:04.008278"
        }
    ],
    "exhibition_rating": [
        {
            "rating": 4,
            "time": "2023-10-17 12:32:10.013284"
        }
    ],
    "explicitely_granted_consent": "Yes"
}