{
    "attempt_start_time": "2023-10-27 19:15:20.372663",
    "attempt_count": 2,
    "attempt_dir": "/Users/cccb/Library/CloudStorage/GoogleDrive-elbongoserocccb@gmail.com/My Drive/SavedSessions/session_00000644--2023-10-27--19-08-57/Part2_BongosAlonWithDrums/attempt_002",
    "tempos": [
        [
            120.0,
            "2023-10-27 19:15:20.378838"
        ]
    ],
    "cleared_to_retry_times": [
        "2023-10-27 19:15:20.380086"
    ],
    "groove_submission_time": "2023-10-27 19:16:12.742367",
    "midi_drum_path": [
        [
            "/Users/cccb/Library/CloudStorage/GoogleDrive-elbongoserocccb@gmail.com/My Drive/DrumMidis/Disco/p0000003078__m001__beat__disco__024---026.mid",
            "2023-10-27 19:15:20.378539"
        ]
    ],
    "volumes_at_submission": {
        "bongo": 0.15,
        "metronome": 0.0,
        "drum": 0.08
    },
    "attempt_ended_by": "submission",
    "removed_hits": [],
    "self_assessment_rating": [
        [
            2,
            "2023-10-27 19:16:15.405754"
        ]
    ]
}