{
    "attempt_start_time": "2023-10-31 15:41:35.385245",
    "attempt_count": 1,
    "attempt_dir": "/Users/cccb/Library/CloudStorage/GoogleDrive-elbongoserocccb@gmail.com/My Drive/SavedSessions/session_00000885--2023-10-31--15-41-33/Part1_BongosToDrum/attempt_1",
    "tempos": [
        [
            90.0,
            "2023-10-31 15:41:35.485898"
        ],
        [
            92.0,
            "2023-10-31 15:41:51.665230"
        ],
        [
            94.0,
            "2023-10-31 15:42:05.349020"
        ],
        [
            99.0,
            "2023-10-31 15:42:05.567883"
        ],
        [
            104.0,
            "2023-10-31 15:42:05.780165"
        ],
        [
            109.0,
            "2023-10-31 15:42:05.979546"
        ],
        [
            114.0,
            "2023-10-31 15:42:06.194810"
        ],
        [
            119.0,
            "2023-10-31 15:42:06.352265"
        ]
    ],
    "cleared_to_retry_times": [
        "2023-10-31 15:41:35.487063",
        "2023-10-31 15:42:58.316915",
        "2023-10-31 15:43:01.390335"
    ],
    "requested_generation_time": "2023-10-31 15:42:21.465101",
    "volumes_at_generation_request": {
        "bongo": 0.17,
        "metronome": 0.07
    },
    "generation_0": {
        "pressed_play_time": [
            "2023-10-31 15:42:32.775273"
        ],
        "rankings": [
            [
                0,
                "2023-10-31 15:42:38.116851"
            ]
        ]
    },
    "generation_1": {
        "pressed_play_time": [
            "2023-10-31 15:42:46.102272"
        ],
        "rankings": [
            [
                2,
                "2023-10-31 15:42:56.711051"
            ]
        ]
    },
    "generation_2": {
        "pressed_play_time": [
            "2023-10-31 15:42:52.505049"
        ],
        "rankings": [
            [
                2,
                "2023-10-31 15:42:57.459862"
            ]
        ]
    },
    "submitted_ratings_time": "2023-10-31 15:42:58.315357",
    "volumes_at_rating_submission": {
        "bongo": 0.19,
        "metronome": 0.25,
        "drum": 0.27
    },
    "removed_hits": []
}