{
    "attempt_start_time": "2023-10-29 19:02:50.009302",
    "attempt_count": 1,
    "attempt_dir": "/Users/cccb/Library/CloudStorage/GoogleDrive-elbongoserocccb@gmail.com/My Drive/SavedSessions/session_00000807--2023-10-29--19-02-46/Part1_BongosToDrum/attempt_1",
    "tempos": [
        [
            90.0,
            "2023-10-29 19:02:50.110374"
        ],
        [
            92.0,
            "2023-10-29 19:03:19.779273"
        ],
        [
            94.0,
            "2023-10-29 19:03:20.133195"
        ],
        [
            96.0,
            "2023-10-29 19:03:20.596871"
        ],
        [
            98.0,
            "2023-10-29 19:03:21.072427"
        ],
        [
            100.0,
            "2023-10-29 19:03:21.489076"
        ],
        [
            102.0,
            "2023-10-29 19:03:21.968133"
        ],
        [
            104.0,
            "2023-10-29 19:03:22.354556"
        ],
        [
            106.0,
            "2023-10-29 19:03:24.024245"
        ],
        [
            111.0,
            "2023-10-29 19:03:24.224204"
        ],
        [
            116.0,
            "2023-10-29 19:03:24.431827"
        ]
    ],
    "cleared_to_retry_times": [
        "2023-10-29 19:02:50.111683",
        "2023-10-29 19:02:54.380625"
    ],
    "requested_generation_time": "2023-10-29 19:03:34.897372",
    "volumes_at_generation_request": {
        "bongo": 0.5,
        "metronome": 0.26
    },
    "generation_0": {
        "pressed_play_time": [
            "2023-10-29 19:03:40.024215",
            "2023-10-29 19:03:55.292146"
        ],
        "rankings": [
            [
                3,
                "2023-10-29 19:03:49.434066"
            ]
        ]
    },
    "generation_1": {
        "pressed_play_time": [
            "2023-10-29 19:03:51.592283"
        ],
        "rankings": [
            [
                3,
                "2023-10-29 19:03:59.158038"
            ]
        ]
    },
    "generation_2": {
        "pressed_play_time": [
            "2023-10-29 19:04:00.266557"
        ],
        "rankings": [
            [
                3,
                "2023-10-29 19:04:00.857792"
            ]
        ]
    },
    "submitted_ratings_time": "2023-10-29 19:04:01.971960",
    "volumes_at_rating_submission": {
        "bongo": 0.5,
        "metronome": 0.25,
        "drum": 0.5
    },
    "removed_hits": []
}