{
    "attempt_start_time": "2023-11-01 18:52:56.701976",
    "attempt_count": 1,
    "attempt_dir": "/Users/cccb/Library/CloudStorage/GoogleDrive-elbongoserocccb@gmail.com/My Drive/SavedSessions/session_00001027--2023-11-01--18-52-52/Part1_BongosToDrum/attempt_1",
    "tempos": [
        [
            90.0,
            "2023-11-01 18:52:56.802729"
        ],
        [
            92.0,
            "2023-11-01 18:54:37.465218"
        ],
        [
            94.0,
            "2023-11-01 18:54:39.773840"
        ],
        [
            96.0,
            "2023-11-01 18:54:40.548164"
        ],
        [
            98.0,
            "2023-11-01 18:54:41.176734"
        ],
        [
            100.0,
            "2023-11-01 18:54:42.020038"
        ],
        [
            102.0,
            "2023-11-01 18:54:42.615859"
        ],
        [
            104.0,
            "2023-11-01 18:54:43.233622"
        ],
        [
            106.0,
            "2023-11-01 18:54:45.573050"
        ],
        [
            108.0,
            "2023-11-01 18:54:46.083521"
        ],
        [
            110.0,
            "2023-11-01 18:54:46.533742"
        ],
        [
            112.0,
            "2023-11-01 18:54:47.055095"
        ],
        [
            114.0,
            "2023-11-01 18:54:47.523828"
        ],
        [
            116.0,
            "2023-11-01 18:54:47.982137"
        ]
    ],
    "cleared_to_retry_times": [
        "2023-11-01 18:52:56.803840",
        "2023-11-01 18:53:18.151302",
        "2023-11-01 18:53:30.523476",
        "2023-11-01 18:53:56.187304",
        "2023-11-01 18:54:11.385590",
        "2023-11-01 18:55:37.382283"
    ],
    "requested_generation_time": "2023-11-01 18:54:54.416092",
    "volumes_at_generation_request": {
        "bongo": 0.78,
        "metronome": 0.04
    },
    "generation_0": {
        "pressed_play_time": [
            "2023-11-01 18:55:05.887405"
        ],
        "rankings": [
            [
                3,
                "2023-11-01 18:55:13.958365"
            ]
        ]
    },
    "generation_1": {
        "pressed_play_time": [
            "2023-11-01 18:55:16.056931"
        ],
        "rankings": [
            [
                3,
                "2023-11-01 18:55:26.386487"
            ]
        ]
    },
    "generation_2": {
        "pressed_play_time": [
            "2023-11-01 18:55:27.819955"
        ],
        "rankings": [
            [
                3,
                "2023-11-01 18:55:34.841774"
            ]
        ]
    },
    "submitted_ratings_time": "2023-11-01 18:55:37.380666",
    "volumes_at_rating_submission": {
        "bongo": 0.5,
        "metronome": 0.25,
        "drum": 0.5
    },
    "removed_hits": []
}