{
    "attempt_start_time": "2023-10-29 16:37:39.835177",
    "attempt_count": 2,
    "attempt_dir": "/Users/cccb/Library/CloudStorage/GoogleDrive-elbongoserocccb@gmail.com/My Drive/SavedSessions/session_00000768--2023-10-29--16-37-13/Part1_BongosToDrum/attempt_2",
    "tempos": [
        [
            90.0,
            "2023-10-29 16:37:39.936063"
        ]
    ],
    "cleared_to_retry_times": [
        "2023-10-29 16:37:39.937614"
    ],
    "requested_generation_time": null,
    "volumes_at_generation_request": {
        "bongo": null,
        "metronome": null
    },
    "generation_0": {
        "pressed_play_time": [],
        "rankings": []
    },
    "generation_1": {
        "pressed_play_time": [],
        "rankings": []
    },
    "generation_2": {
        "pressed_play_time": [],
        "rankings": []
    },
    "submitted_ratings_time": null,
    "volumes_at_rating_submission": {
        "bongo": null,
        "metronome": null
    },
    "removed_hits": []
}