{
    "attempt_start_time": "2023-10-21 13:39:39.459473",
    "attempt_count": 4,
    "attempt_dir": "/Users/cccb/Library/CloudStorage/GoogleDrive-elbongoserocccb@gmail.com/My Drive/SavedSessions/session_00000338/Part1_BongosToDrum/attempt_4",
    "tempos": [
        [
            90.0,
            "2023-10-21 13:39:39.560382"
        ],
        [
            90.0,
            "2023-10-21 13:39:50.300441"
        ]
    ],
    "cleared_to_retry_times": [
        "2023-10-21 13:39:39.564310",
        "2023-10-21 13:39:41.042860",
        "2023-10-21 13:39:41.374374",
        "2023-10-21 13:39:41.791607",
        "2023-10-21 13:39:42.124420"
    ],
    "requested_generation_time": null,
    "volumes_at_generation_request": {
        "bongo": null,
        "metronome": null
    },
    "generation_0": {
        "pressed_play_time": [],
        "rankings": []
    },
    "generation_1": {
        "pressed_play_time": [],
        "rankings": []
    },
    "generation_2": {
        "pressed_play_time": [],
        "rankings": []
    },
    "submitted_ratings_time": null,
    "volumes_at_rating_submission": {
        "bongo": null,
        "metronome": null
    },
    "removed_hits": []
}