{
    "session_start_time": "2023-10-24 15:32:09.881186",
    "session_count": 439,
    "session_name": "session_00000439",
    "session_dir": "/Users/cccb/Library/CloudStorage/GoogleDrive-elbongoserocccb@gmail.com/My Drive/SavedSessions/session_00000439",
    "session_end_time": "2023-10-24 15:36:36.292459",
    "session_ended_by": "user",
    "level_of_musical_experience": [
        {
            "rating": 5,
            "time": "2023-10-24 15:36:39.383901"
        }
    ],
    "exhibition_rating": [
        {
            "rating": 5,
            "time": "2023-10-24 15:36:38.697630"
        }
    ],
    "explicitely_granted_consent": "Yes"
}