{
    "attempt_start_time": "2023-10-24 18:47:03.730056",
    "attempt_count": 1,
    "attempt_dir": "/Users/cccb/Library/CloudStorage/GoogleDrive-elbongoserocccb@gmail.com/My Drive/SavedSessions/session_00000474/Part2_BongosAlonWithDrums/attempt_001",
    "tempos": [
        [
            117.0,
            "2023-10-24 18:47:03.735645"
        ],
        [
            119.0,
            "2023-10-24 18:47:09.535082"
        ],
        [
            121.0,
            "2023-10-24 18:47:12.005463"
        ]
    ],
    "cleared_to_retry_times": [
        "2023-10-24 18:47:03.736867"
    ],
    "groove_submission_time": "2023-10-24 18:47:13.862721",
    "midi_drum_path": [
        [
            "/Users/cccb/Library/CloudStorage/GoogleDrive-elbongoserocccb@gmail.com/My Drive/DrumMidis/Disco/p0000000269__m029__beat__rnb+swing+disco__000---002.mid",
            "2023-10-24 18:47:03.735283"
        ]
    ],
    "volumes_at_submission": {
        "bongo": 0.5,
        "metronome": 0.0,
        "drum": 0.5
    },
    "attempt_ended_by": "submission",
    "removed_hits": [],
    "self_assessment_rating": [
        [
            5,
            "2023-10-24 18:47:20.168563"
        ]
    ]
}