{
    "attempt_start_time": "2023-10-24 18:41:39.617074",
    "attempt_count": 1,
    "attempt_dir": "/Users/cccb/Library/CloudStorage/GoogleDrive-elbongoserocccb@gmail.com/My Drive/SavedSessions/session_00000473/Part2_BongosAlonWithDrums/attempt_001",
    "tempos": [
        [
            120.0,
            "2023-10-24 18:41:39.623414"
        ]
    ],
    "cleared_to_retry_times": [
        "2023-10-24 18:41:39.624598"
    ],
    "groove_submission_time": "2023-10-24 18:42:02.047369",
    "midi_drum_path": [
        [
            "/Users/cccb/Library/CloudStorage/GoogleDrive-elbongoserocccb@gmail.com/My Drive/DrumMidis/Electronic/939_chicago_promisedland34.mid",
            "2023-10-24 18:41:39.623087"
        ]
    ],
    "volumes_at_submission": {
        "bongo": 0.22,
        "metronome": 0.0,
        "drum": 0.32
    },
    "attempt_ended_by": "submission",
    "removed_hits": [],
    "self_assessment_rating": [
        [
            4,
            "2023-10-24 18:42:05.079639"
        ]
    ]
}