{
    "attempt_start_time": "2023-10-26 14:01:11.941571",
    "attempt_count": 1,
    "attempt_dir": "/Users/cccb/Library/CloudStorage/GoogleDrive-elbongoserocccb@gmail.com/My Drive/SavedSessions/session_00000509--2023-10-26--13-59-59/Part2_BongosAlonWithDrums/attempt_001",
    "tempos": [
        [
            117.0,
            "2023-10-26 14:01:11.946889"
        ]
    ],
    "cleared_to_retry_times": [
        "2023-10-26 14:01:11.948034"
    ],
    "groove_submission_time": "2023-10-26 14:01:20.074898",
    "midi_drum_path": [
        [
            "/Users/cccb/Library/CloudStorage/GoogleDrive-elbongoserocccb@gmail.com/My Drive/DrumMidis/Disco/p0000000269__m016__beat__rnb+swing+disco__005---007.mid",
            "2023-10-26 14:01:11.946601"
        ]
    ],
    "volumes_at_submission": {
        "bongo": 0.5,
        "metronome": 0.0,
        "drum": 0.5
    },
    "attempt_ended_by": "submission",
    "removed_hits": [],
    "self_assessment_rating": [
        [
            5,
            "2023-10-26 14:01:27.038166"
        ]
    ]
}