{
    "session_start_time": "2023-11-01 18:52:52.973243",
    "session_count": 1027,
    "session_name": "session_00001027--2023-11-01--18-52-52",
    "session_dir": "/Users/cccb/Library/CloudStorage/GoogleDrive-elbongoserocccb@gmail.com/My Drive/SavedSessions/session_00001027--2023-11-01--18-52-52",
    "session_end_time": "2023-11-01 18:58:35.056732",
    "session_ended_by": "user",
    "level_of_musical_experience": [
        {
            "rating": 2,
            "time": "2023-11-01 18:58:38.705594"
        }
    ],
    "exhibition_rating": [
        {
            "rating": 5,
            "time": "2023-11-01 18:58:41.269264"
        }
    ],
    "explicitely_granted_consent": "Yes"
}