{
    "attempt_start_time": "2023-10-24 15:34:39.423867",
    "attempt_count": 2,
    "attempt_dir": "/Users/cccb/Library/CloudStorage/GoogleDrive-elbongoserocccb@gmail.com/My Drive/SavedSessions/session_00000439/Part1_BongosToDrum/attempt_2",
    "tempos": [
        [
            119.0,
            "2023-10-24 15:34:39.524560"
        ],
        [
            117.0,
            "2023-10-24 15:34:42.707504"
        ],
        [
            112.0,
            "2023-10-24 15:34:42.963113"
        ],
        [
            107.0,
            "2023-10-24 15:34:43.156930"
        ],
        [
            102.0,
            "2023-10-24 15:34:43.432309"
        ],
        [
            97.0,
            "2023-10-24 15:34:43.638228"
        ],
        [
            92.0,
            "2023-10-24 15:34:43.881167"
        ],
        [
            87.0,
            "2023-10-24 15:34:44.144553"
        ],
        [
            89.0,
            "2023-10-24 15:34:44.748078"
        ],
        [
            91.0,
            "2023-10-24 15:34:45.073268"
        ],
        [
            93.0,
            "2023-10-24 15:34:45.972481"
        ],
        [
            98.0,
            "2023-10-24 15:34:46.159638"
        ],
        [
            100.0,
            "2023-10-24 15:34:47.681341"
        ],
        [
            102.0,
            "2023-10-24 15:35:05.298667"
        ],
        [
            104.0,
            "2023-10-24 15:35:05.617251"
        ],
        [
            109.0,
            "2023-10-24 15:35:05.755336"
        ],
        [
            111.0,
            "2023-10-24 15:35:10.712052"
        ],
        [
            113.0,
            "2023-10-24 15:35:11.020440"
        ]
    ],
    "cleared_to_retry_times": [
        "2023-10-24 15:34:39.526050"
    ],
    "requested_generation_time": "2023-10-24 15:35:12.505867",
    "volumes_at_generation_request": {
        "bongo": 0.5,
        "metronome": 1.0
    },
    "generation_0": {
        "pressed_play_time": [
            "2023-10-24 15:35:17.550900"
        ],
        "rankings": [
            [
                4,
                "2023-10-24 15:35:42.330025"
            ]
        ]
    },
    "generation_1": {
        "pressed_play_time": [
            "2023-10-24 15:35:21.550400"
        ],
        "rankings": [
            [
                4,
                "2023-10-24 15:35:41.851311"
            ]
        ]
    },
    "generation_2": {
        "pressed_play_time": [
            "2023-10-24 15:35:24.725031"
        ],
        "rankings": [
            [
                4,
                "2023-10-24 15:35:27.102115"
            ]
        ]
    },
    "submitted_ratings_time": "2023-10-24 15:35:43.241690",
    "volumes_at_rating_submission": {
        "bongo": 0.73,
        "metronome": 0.25,
        "drum": 0.5
    },
    "removed_hits": []
}