{
    "attempt_start_time": "2023-10-21 12:11:57.364571",
    "attempt_count": 1,
    "attempt_dir": "/Users/cccb/Library/CloudStorage/GoogleDrive-elbongoserocccb@gmail.com/My Drive/SavedSessions/session_00000315/Part2_BongosAlonWithDrums/attempt_001",
    "tempos": [
        [
            124.0,
            "2023-10-21 12:11:57.369336"
        ],
        [
            126.0,
            "2023-10-21 12:12:08.196940"
        ]
    ],
    "cleared_to_retry_times": [
        "2023-10-21 12:11:57.370367"
    ],
    "groove_submission_time": "2023-10-21 12:12:12.932132",
    "midi_drum_path": [
        [
            "/Users/cccb/Library/CloudStorage/GoogleDrive-elbongoserocccb@gmail.com/My Drive/DrumMidis/Jazz/p0000002920__m035__beat__jazz+swing__001---003_extended.mid",
            "2023-10-21 12:11:57.369031"
        ]
    ],
    "volumes_at_submission": {
        "bongo": 0.5,
        "metronome": 0.0,
        "drum": 0.5
    },
    "attempt_ended_by": "submission",
    "removed_hits": [],
    "self_assessment_rating": [
        [
            5,
            "2023-10-21 12:12:16.901884"
        ]
    ]
}