{
    "attempt_start_time": "2023-10-22 17:41:23.206599",
    "attempt_count": 1,
    "attempt_dir": "/Users/cccb/Library/CloudStorage/GoogleDrive-elbongoserocccb@gmail.com/My Drive/SavedSessions/session_00000390/Part1_BongosToDrum/attempt_1",
    "tempos": [
        [
            90.0,
            "2023-10-22 17:41:23.307667"
        ],
        [
            92.0,
            "2023-10-22 17:41:32.125312"
        ],
        [
            90.0,
            "2023-10-22 17:41:47.449115"
        ]
    ],
    "cleared_to_retry_times": [
        "2023-10-22 17:41:23.316191",
        "2023-10-22 17:41:24.407414",
        "2023-10-22 17:41:35.778888",
        "2023-10-22 17:41:36.221754",
        "2023-10-22 17:41:36.662242"
    ],
    "requested_generation_time": null,
    "volumes_at_generation_request": {
        "bongo": null,
        "metronome": null
    },
    "generation_0": {
        "pressed_play_time": [],
        "rankings": []
    },
    "generation_1": {
        "pressed_play_time": [],
        "rankings": []
    },
    "generation_2": {
        "pressed_play_time": [],
        "rankings": []
    },
    "submitted_ratings_time": null,
    "volumes_at_rating_submission": {
        "bongo": null,
        "metronome": null
    },
    "removed_hits": []
}