{
    "session_start_time": "2023-10-31 17:23:18.794218",
    "session_count": 901,
    "session_name": "session_00000901--2023-10-31--17-23-18",
    "session_dir": "/Users/cccb/Library/CloudStorage/GoogleDrive-elbongoserocccb@gmail.com/My Drive/SavedSessions/session_00000901--2023-10-31--17-23-18",
    "session_end_time": "2023-10-31 17:27:50.925281",
    "session_ended_by": "user",
    "level_of_musical_experience": [
        {
            "rating": 1,
            "time": "2023-10-31 17:27:56.082763"
        }
    ],
    "exhibition_rating": [
        {
            "rating": 3,
            "time": "2023-10-31 17:27:59.480356"
        }
    ],
    "explicitely_granted_consent": "Yes"
}