{
    "attempt_start_time": "2023-10-21 13:39:29.025041",
    "attempt_count": 1,
    "attempt_dir": "/Users/cccb/Library/CloudStorage/GoogleDrive-elbongoserocccb@gmail.com/My Drive/SavedSessions/session_00000338/Part1_BongosToDrum/attempt_1",
    "tempos": [
        [
            90.0,
            "2023-10-21 13:39:29.126872"
        ],
        [
            90.0,
            "2023-10-21 13:39:31.733662"
        ]
    ],
    "cleared_to_retry_times": [
        "2023-10-21 13:39:29.134335"
    ],
    "requested_generation_time": null,
    "volumes_at_generation_request": {
        "bongo": null,
        "metronome": null
    },
    "generation_0": {
        "pressed_play_time": [],
        "rankings": []
    },
    "generation_1": {
        "pressed_play_time": [],
        "rankings": []
    },
    "generation_2": {
        "pressed_play_time": [],
        "rankings": []
    },
    "submitted_ratings_time": null,
    "volumes_at_rating_submission": {
        "bongo": null,
        "metronome": null
    },
    "removed_hits": []
}