{
    "session_start_time": "2023-10-31 18:58:49.407709",
    "session_count": 920,
    "session_name": "session_00000920--2023-10-31--18-58-49",
    "session_dir": "/Users/cccb/Library/CloudStorage/GoogleDrive-elbongoserocccb@gmail.com/My Drive/SavedSessions/session_00000920--2023-10-31--18-58-49",
    "session_end_time": "2023-10-31 19:04:19.826058",
    "session_ended_by": "user",
    "level_of_musical_experience": [
        {
            "rating": 5,
            "time": "2023-10-31 19:04:23.506340"
        }
    ],
    "exhibition_rating": [
        {
            "rating": 5,
            "time": "2023-10-31 19:04:26.235397"
        }
    ],
    "explicitely_granted_consent": "Yes"
}