{
    "session_start_time": "2023-10-27 15:22:57.896220",
    "session_count": 598,
    "session_name": "session_00000598--2023-10-27--15-22-57",
    "session_dir": "/Users/cccb/Library/CloudStorage/GoogleDrive-elbongoserocccb@gmail.com/My Drive/SavedSessions/session_00000598--2023-10-27--15-22-57",
    "session_end_time": "2023-10-27 15:27:39.322496",
    "session_ended_by": "timeout",
    "level_of_musical_experience": [],
    "exhibition_rating": [],
    "explicitely_granted_consent": "AssumedFalseAsTimedOut"
}