{
    "session_start_time": "2023-11-01 15:59:05.575879",
    "session_count": 985,
    "session_name": "session_00000985--2023-11-01--15-59-05",
    "session_dir": "/Users/cccb/Library/CloudStorage/GoogleDrive-elbongoserocccb@gmail.com/My Drive/SavedSessions/session_00000985--2023-11-01--15-59-05",
    "session_end_time": "2023-11-01 16:03:26.090650",
    "session_ended_by": "user",
    "level_of_musical_experience": [
        {
            "rating": 5,
            "time": "2023-11-01 16:03:28.977687"
        }
    ],
    "exhibition_rating": [
        {
            "rating": 4,
            "time": "2023-11-01 16:03:31.802319"
        }
    ],
    "explicitely_granted_consent": "Yes"
}