{
    "attempt_start_time": "2023-10-16 11:29:36.623734",
    "attempt_count": 2,
    "attempt_dir": "/Users/cccb/Library/CloudStorage/GoogleDrive-elbongoserocccb@gmail.com/My Drive/SavedSessions/session_00000046/Part2_BongosAlonWithDrums/attempt_002",
    "tempos": [
        [
            120.0,
            "2023-10-16 11:29:36.627416"
        ]
    ],
    "cleared_to_retry_times": [
        "2023-10-16 11:29:36.629655"
    ],
    "groove_submission_time": "2023-10-16 11:29:52.353504",
    "midi_drum_path": [
        [
            "/Users/cccb/Library/CloudStorage/GoogleDrive-elbongoserocccb@gmail.com/My Drive/DrumMidis/Electronic/673_chicago_moveyourbody89.mid",
            "2023-10-16 11:29:36.627129"
        ]
    ],
    "volumes_at_submission": {
        "bongo": 1.0,
        "metronome": 0.16,
        "drum": 0.79
    },
    "attempt_ended_by": "submission",
    "removed_hits": [],
    "self_assessment_rating": [
        [
            4,
            "2023-10-16 11:29:53.681372"
        ]
    ]
}