{
    "attempt_start_time": "2023-10-22 17:42:58.335104",
    "attempt_count": 4,
    "attempt_dir": "/Users/cccb/Library/CloudStorage/GoogleDrive-elbongoserocccb@gmail.com/My Drive/SavedSessions/session_00000390/Part1_BongosToDrum/attempt_4",
    "tempos": [
        [
            90.0,
            "2023-10-22 17:42:58.437018"
        ],
        [
            92.0,
            "2023-10-22 17:46:55.348129"
        ],
        [
            94.0,
            "2023-10-22 17:47:08.687489"
        ],
        [
            99.0,
            "2023-10-22 17:47:08.695897"
        ],
        [
            90.0,
            "2023-10-22 17:47:42.443061"
        ]
    ],
    "cleared_to_retry_times": [
        "2023-10-22 17:42:58.440828",
        "2023-10-22 17:43:37.844922",
        "2023-10-22 17:43:51.667706",
        "2023-10-22 17:43:53.123125",
        "2023-10-22 17:43:53.139465",
        "2023-10-22 17:43:53.177489",
        "2023-10-22 17:44:08.381132",
        "2023-10-22 17:44:09.910845",
        "2023-10-22 17:44:23.401502",
        "2023-10-22 17:44:23.404494",
        "2023-10-22 17:44:30.859984",
        "2023-10-22 17:44:37.198098",
        "2023-10-22 17:44:37.204647"
    ],
    "requested_generation_time": null,
    "volumes_at_generation_request": {
        "bongo": null,
        "metronome": null
    },
    "generation_0": {
        "pressed_play_time": [],
        "rankings": []
    },
    "generation_1": {
        "pressed_play_time": [],
        "rankings": []
    },
    "generation_2": {
        "pressed_play_time": [],
        "rankings": []
    },
    "submitted_ratings_time": null,
    "volumes_at_rating_submission": {
        "bongo": null,
        "metronome": null
    },
    "removed_hits": []
}