{
    "session_start_time": "2023-10-29 19:02:46.981572",
    "session_count": 807,
    "session_name": "session_00000807--2023-10-29--19-02-46",
    "session_dir": "/Users/cccb/Library/CloudStorage/GoogleDrive-elbongoserocccb@gmail.com/My Drive/SavedSessions/session_00000807--2023-10-29--19-02-46",
    "session_end_time": "2023-10-29 19:05:20.607157",
    "session_ended_by": "user",
    "level_of_musical_experience": [
        {
            "rating": 3,
            "time": "2023-10-29 19:05:24.338225"
        },
        {
            "rating": 4,
            "time": "2023-10-29 19:05:33.045928"
        }
    ],
    "exhibition_rating": [
        {
            "rating": 4,
            "time": "2023-10-29 19:05:32.351239"
        }
    ],
    "explicitely_granted_consent": "Yes"
}