{
    "session_start_time": "2023-10-24 18:44:20.418014",
    "session_count": 474,
    "session_name": "session_00000474",
    "session_dir": "/Users/cccb/Library/CloudStorage/GoogleDrive-elbongoserocccb@gmail.com/My Drive/SavedSessions/session_00000474",
    "session_end_time": "2023-10-24 18:47:44.796926",
    "session_ended_by": "user",
    "level_of_musical_experience": [
        {
            "rating": 1,
            "time": "2023-10-24 18:47:51.603901"
        }
    ],
    "exhibition_rating": [
        {
            "rating": 3,
            "time": "2023-10-24 18:47:53.470428"
        }
    ],
    "explicitely_granted_consent": "Yes"
}