{
    "attempt_start_time": "2023-10-24 18:37:17.321546",
    "attempt_count": 2,
    "attempt_dir": "/Users/cccb/Library/CloudStorage/GoogleDrive-elbongoserocccb@gmail.com/My Drive/SavedSessions/session_00000472/Part1_BongosToDrum/attempt_2",
    "tempos": [
        [
            92.0,
            "2023-10-24 18:37:17.422268"
        ]
    ],
    "cleared_to_retry_times": [
        "2023-10-24 18:37:17.423566"
    ],
    "requested_generation_time": "2023-10-24 18:37:31.751667",
    "volumes_at_generation_request": {
        "bongo": 0.5,
        "metronome": 0.5
    },
    "generation_0": {
        "pressed_play_time": [
            "2023-10-24 18:37:39.097148",
            "2023-10-24 18:38:07.710202"
        ],
        "rankings": [
            [
                3,
                "2023-10-24 18:37:47.985267"
            ]
        ]
    },
    "generation_1": {
        "pressed_play_time": [
            "2023-10-24 18:37:49.265783"
        ],
        "rankings": [
            [
                3,
                "2023-10-24 18:37:59.842013"
            ]
        ]
    },
    "generation_2": {
        "pressed_play_time": [
            "2023-10-24 18:38:00.789640"
        ],
        "rankings": [
            [
                2,
                "2023-10-24 18:38:06.217701"
            ]
        ]
    },
    "submitted_ratings_time": "2023-10-24 18:38:14.561453",
    "volumes_at_rating_submission": {
        "bongo": 0.5,
        "metronome": 0.25,
        "drum": 0.5
    },
    "removed_hits": []
}