{
    "attempt_start_time": "2023-10-29 17:25:27.929249",
    "attempt_count": 1,
    "attempt_dir": "/Users/cccb/Library/CloudStorage/GoogleDrive-elbongoserocccb@gmail.com/My Drive/SavedSessions/session_00000781--2023-10-29--17-23-11/Part2_BongosAlonWithDrums/attempt_001",
    "tempos": [
        [
            85.0,
            "2023-10-29 17:25:27.933096"
        ]
    ],
    "cleared_to_retry_times": [
        "2023-10-29 17:25:27.933994"
    ],
    "groove_submission_time": "2023-10-29 17:26:27.087202",
    "midi_drum_path": [
        [
            "/Users/cccb/Library/CloudStorage/GoogleDrive-elbongoserocccb@gmail.com/My Drive/DrumMidis/Hiphop/p0000000239__m015__beat__rnb+hiphop__003---005.mid",
            "2023-10-29 17:25:27.932806"
        ]
    ],
    "volumes_at_submission": {
        "bongo": 0.5,
        "metronome": 0.0,
        "drum": 0.5
    },
    "attempt_ended_by": "submission",
    "removed_hits": [],
    "self_assessment_rating": [
        [
            5,
            "2023-10-29 17:26:30.289260"
        ]
    ]
}