{
    "attempt_start_time": "2023-10-20 16:32:13.527984",
    "attempt_count": 2,
    "attempt_dir": "/Users/cccb/Library/CloudStorage/GoogleDrive-elbongoserocccb@gmail.com/My Drive/SavedSessions/session_00000267/Part1_BongosToDrum/attempt_2",
    "tempos": [
        [
            90.0,
            "2023-10-20 16:32:13.629010"
        ],
        [
            92.0,
            "2023-10-20 16:32:18.863068"
        ],
        [
            94.0,
            "2023-10-20 16:35:59.564315"
        ],
        [
            96.0,
            "2023-10-20 16:36:02.448975"
        ],
        [
            101.0,
            "2023-10-20 16:36:02.633481"
        ],
        [
            106.0,
            "2023-10-20 16:36:02.790347"
        ],
        [
            111.0,
            "2023-10-20 16:36:02.966790"
        ],
        [
            116.0,
            "2023-10-20 16:36:03.141466"
        ],
        [
            121.0,
            "2023-10-20 16:36:03.321898"
        ],
        [
            126.0,
            "2023-10-20 16:36:03.489094"
        ],
        [
            131.0,
            "2023-10-20 16:36:03.639892"
        ],
        [
            136.0,
            "2023-10-20 16:36:03.795937"
        ],
        [
            141.0,
            "2023-10-20 16:36:03.984117"
        ]
    ],
    "cleared_to_retry_times": [
        "2023-10-20 16:32:13.630391",
        "2023-10-20 16:32:27.728803",
        "2023-10-20 16:32:39.752137",
        "2023-10-20 16:33:18.481559",
        "2023-10-20 16:33:19.027404",
        "2023-10-20 16:33:26.196038",
        "2023-10-20 16:33:37.648113",
        "2023-10-20 16:34:04.102634",
        "2023-10-20 16:34:10.103302",
        "2023-10-20 16:34:10.426209",
        "2023-10-20 16:34:27.524758",
        "2023-10-20 16:34:31.411198",
        "2023-10-20 16:34:36.960442"
    ],
    "requested_generation_time": "2023-10-20 16:36:10.289500",
    "volumes_at_generation_request": {
        "bongo": 0.61,
        "metronome": 0.42
    },
    "generation_0": {
        "pressed_play_time": [
            "2023-10-20 16:36:18.228477",
            "2023-10-20 16:36:50.994057"
        ],
        "rankings": [
            [
                2,
                "2023-10-20 16:36:15.221003"
            ],
            [
                1,
                "2023-10-20 16:36:20.913992"
            ],
            [
                0,
                "2023-10-20 16:36:24.858307"
            ]
        ]
    },
    "generation_1": {
        "pressed_play_time": [
            "2023-10-20 16:36:23.155011",
            "2023-10-20 16:36:34.631360",
            "2023-10-20 16:36:50.748749"
        ],
        "rankings": [
            [
                1,
                "2023-10-20 16:36:28.362673"
            ]
        ]
    },
    "generation_2": {
        "pressed_play_time": [
            "2023-10-20 16:36:39.356560",
            "2023-10-20 16:36:48.281581"
        ],
        "rankings": [
            [
                3,
                "2023-10-20 16:36:41.087721"
            ]
        ]
    },
    "submitted_ratings_time": "2023-10-20 16:36:54.372341",
    "volumes_at_rating_submission": {
        "bongo": 0.5,
        "metronome": 0.25,
        "drum": 0.4
    },
    "removed_hits": []
}