{
    "session_start_time": "2023-11-01 18:01:44.296758",
    "session_count": 1015,
    "session_name": "session_00001015--2023-11-01--18-01-44",
    "session_dir": "/Users/cccb/Library/CloudStorage/GoogleDrive-elbongoserocccb@gmail.com/My Drive/SavedSessions/session_00001015--2023-11-01--18-01-44",
    "session_end_time": "2023-11-01 18:03:50.898667",
    "session_ended_by": "user",
    "level_of_musical_experience": [
        {
            "rating": 2,
            "time": "2023-11-01 18:03:55.826103"
        }
    ],
    "exhibition_rating": [
        {
            "rating": 4,
            "time": "2023-11-01 18:03:58.372518"
        }
    ],
    "explicitely_granted_consent": "Yes"
}