{
    "attempt_start_time": "2023-10-17 10:33:01.464249",
    "attempt_count": 1,
    "attempt_dir": "/Users/cccb/Library/CloudStorage/GoogleDrive-elbongoserocccb@gmail.com/My Drive/SavedSessions/session_00000069/Part1_BongosToDrum/attempt_1",
    "tempos": [
        [
            90.0,
            "2023-10-17 10:33:01.564859"
        ]
    ],
    "cleared_to_retry_times": [
        "2023-10-17 10:33:01.565970",
        "2023-10-17 10:33:31.244186"
    ],
    "requested_generation_time": "2023-10-17 10:33:59.825274",
    "volumes_at_generation_request": {
        "bongo": 0.5,
        "metronome": 0.5
    },
    "generation_0": {
        "pressed_play_time": [
            "2023-10-17 10:34:09.867333"
        ],
        "rankings": [
            [
                2,
                "2023-10-17 10:34:16.123286"
            ]
        ]
    },
    "generation_1": {
        "pressed_play_time": [
            "2023-10-17 10:34:19.313674",
            "2023-10-17 10:34:21.989120"
        ],
        "rankings": [
            [
                3,
                "2023-10-17 10:34:25.751316"
            ]
        ]
    },
    "generation_2": {
        "pressed_play_time": [
            "2023-10-17 10:34:27.339716"
        ],
        "rankings": [
            [
                3,
                "2023-10-17 10:34:32.998806"
            ]
        ]
    },
    "submitted_ratings_time": "2023-10-17 10:34:34.045285",
    "volumes_at_rating_submission": {
        "bongo": 0.5,
        "metronome": 0.25,
        "drum": 0.5
    },
    "removed_hits": []
}