{
    "session_start_time": "2023-10-28 15:14:50.831619",
    "session_count": 708,
    "session_name": "session_00000708--2023-10-28--15-14-50",
    "session_dir": "/Users/cccb/Library/CloudStorage/GoogleDrive-elbongoserocccb@gmail.com/My Drive/SavedSessions/session_00000708--2023-10-28--15-14-50",
    "session_end_time": "2023-10-28 15:25:16.944829",
    "session_ended_by": "user",
    "level_of_musical_experience": [
        {
            "rating": 5,
            "time": "2023-10-28 15:25:20.761737"
        }
    ],
    "exhibition_rating": [
        {
            "rating": 1,
            "time": "2023-10-28 15:25:25.513871"
        }
    ],
    "explicitely_granted_consent": "Yes"
}