{
    "attempt_start_time": "2023-10-24 18:40:40.849937",
    "attempt_count": 1,
    "attempt_dir": "/Users/cccb/Library/CloudStorage/GoogleDrive-elbongoserocccb@gmail.com/My Drive/SavedSessions/session_00000473/Part1_BongosToDrum/attempt_1",
    "tempos": [
        [
            90.0,
            "2023-10-24 18:40:40.950542"
        ],
        [
            92.0,
            "2023-10-24 18:40:46.155913"
        ],
        [
            94.0,
            "2023-10-24 18:40:46.579596"
        ],
        [
            96.0,
            "2023-10-24 18:40:47.095508"
        ],
        [
            98.0,
            "2023-10-24 18:40:48.199730"
        ],
        [
            100.0,
            "2023-10-24 18:40:49.291889"
        ],
        [
            102.0,
            "2023-10-24 18:40:49.999304"
        ]
    ],
    "cleared_to_retry_times": [
        "2023-10-24 18:40:40.951976",
        "2023-10-24 18:40:54.097976",
        "2023-10-24 18:40:54.619735"
    ],
    "requested_generation_time": "2023-10-24 18:41:11.732208",
    "volumes_at_generation_request": {
        "bongo": 0.44,
        "metronome": 0.91
    },
    "generation_0": {
        "pressed_play_time": [
            "2023-10-24 18:41:17.985506"
        ],
        "rankings": [
            [
                0,
                "2023-10-24 18:41:22.324935"
            ]
        ]
    },
    "generation_1": {
        "pressed_play_time": [
            "2023-10-24 18:41:23.101240"
        ],
        "rankings": [
            [
                2,
                "2023-10-24 18:41:27.924080"
            ]
        ]
    },
    "generation_2": {
        "pressed_play_time": [
            "2023-10-24 18:41:28.785720"
        ],
        "rankings": [
            [
                1,
                "2023-10-24 18:41:35.081948"
            ]
        ]
    },
    "submitted_ratings_time": "2023-10-24 18:41:36.130138",
    "volumes_at_rating_submission": {
        "bongo": 0.5,
        "metronome": 0.25,
        "drum": 0.5
    },
    "removed_hits": []
}