{
    "attempt_start_time": "2023-10-31 12:48:51.438020",
    "attempt_count": 2,
    "attempt_dir": "/Users/cccb/Library/CloudStorage/GoogleDrive-elbongoserocccb@gmail.com/My Drive/SavedSessions/session_00000862--2023-10-31--12-40-45/Part2_BongosAlonWithDrums/attempt_002",
    "tempos": [
        [
            120.0,
            "2023-10-31 12:48:51.442356"
        ],
        [
            118.0,
            "2023-10-31 12:49:03.557550"
        ],
        [
            116.0,
            "2023-10-31 12:49:03.952095"
        ]
    ],
    "cleared_to_retry_times": [
        "2023-10-31 12:48:51.443370",
        "2023-10-31 12:49:02.503857",
        "2023-10-31 12:49:02.725228",
        "2023-10-31 12:49:03.121912"
    ],
    "groove_submission_time": "2023-10-31 12:49:13.774997",
    "midi_drum_path": [
        [
            "/Users/cccb/Library/CloudStorage/GoogleDrive-elbongoserocccb@gmail.com/My Drive/DrumMidis/Electronic/1355_breakbeat_unconventionalDMR01.mid",
            "2023-10-31 12:48:51.442016"
        ]
    ],
    "volumes_at_submission": {
        "bongo": 0.5,
        "metronome": 0.0,
        "drum": 0.5
    },
    "attempt_ended_by": "submission",
    "removed_hits": [],
    "self_assessment_rating": [
        [
            5,
            "2023-10-31 12:49:17.422917"
        ],
        [
            5,
            "2023-10-31 12:49:25.378895"
        ]
    ]
}