{
    "attempt_start_time": "2023-10-24 13:21:11.614111",
    "attempt_count": 4,
    "attempt_dir": "/Users/cccb/Library/CloudStorage/GoogleDrive-elbongoserocccb@gmail.com/My Drive/SavedSessions/session_00000423/Part2_BongosAlonWithDrums/attempt_004",
    "tempos": [
        [
            120.0,
            "2023-10-24 13:21:11.617142"
        ]
    ],
    "cleared_to_retry_times": [
        "2023-10-24 13:21:11.618118"
    ],
    "groove_submission_time": "2023-10-24 13:21:18.311765",
    "midi_drum_path": [
        [
            "/Users/cccb/Library/CloudStorage/GoogleDrive-elbongoserocccb@gmail.com/My Drive/DrumMidis/Disco/p0000001895__m007__beat__disco__002---004_extended.mid",
            "2023-10-24 13:21:11.616824"
        ]
    ],
    "volumes_at_submission": {
        "bongo": 0.5,
        "metronome": 0.0,
        "drum": 0.5
    },
    "attempt_ended_by": "submission",
    "removed_hits": [],
    "self_assessment_rating": [
        [
            3,
            "2023-10-24 13:21:19.689670"
        ]
    ]
}