{
    "attempt_start_time": "2023-10-29 18:02:29.979348",
    "attempt_count": 1,
    "attempt_dir": "/Users/cccb/Library/CloudStorage/GoogleDrive-elbongoserocccb@gmail.com/My Drive/SavedSessions/session_00000790--2023-10-29--18-00-52/Part2_BongosAlonWithDrums/attempt_001",
    "tempos": [
        [
            72.0,
            "2023-10-29 18:02:29.983528"
        ]
    ],
    "cleared_to_retry_times": [
        "2023-10-29 18:02:29.984590"
    ],
    "groove_submission_time": "2023-10-29 18:03:14.498632",
    "midi_drum_path": [
        [
            "/Users/cccb/Library/CloudStorage/GoogleDrive-elbongoserocccb@gmail.com/My Drive/DrumMidis/Rock/p0000000227__m014__beat__rock__003---005.mid",
            "2023-10-29 18:02:29.983238"
        ]
    ],
    "volumes_at_submission": {
        "bongo": 0.23,
        "metronome": 0.74,
        "drum": 0.79
    },
    "attempt_ended_by": "submission",
    "removed_hits": [],
    "self_assessment_rating": [
        [
            3,
            "2023-10-29 18:03:17.272305"
        ]
    ]
}