{
    "session_start_time": "2023-10-17 19:52:19.510276",
    "session_count": 99,
    "session_name": "session_00000099",
    "session_dir": "/Users/cccb/Library/CloudStorage/GoogleDrive-elbongoserocccb@gmail.com/My Drive/SavedSessions/session_00000099",
    "session_end_time": "2023-10-17 19:53:40.712343",
    "session_ended_by": "user",
    "level_of_musical_experience": [
        {
            "rating": 1,
            "time": "2023-10-17 19:53:44.602809"
        }
    ],
    "exhibition_rating": [
        {
            "rating": 5,
            "time": "2023-10-17 19:53:47.251932"
        }
    ],
    "explicitely_granted_consent": "Yes"
}