{
    "attempt_start_time": "2023-10-24 17:58:02.178652",
    "attempt_count": 1,
    "attempt_dir": "/Users/cccb/Library/CloudStorage/GoogleDrive-elbongoserocccb@gmail.com/My Drive/SavedSessions/session_00000466/Part1_BongosToDrum/attempt_1",
    "tempos": [
        [
            90.0,
            "2023-10-24 17:58:02.279518"
        ],
        [
            92.0,
            "2023-10-24 17:58:33.119653"
        ],
        [
            90.0,
            "2023-10-24 17:58:36.179067"
        ],
        [
            88.0,
            "2023-10-24 17:58:37.084672"
        ],
        [
            86.0,
            "2023-10-24 17:58:38.775322"
        ],
        [
            84.0,
            "2023-10-24 17:58:39.452292"
        ]
    ],
    "cleared_to_retry_times": [
        "2023-10-24 17:58:02.280699"
    ],
    "requested_generation_time": "2023-10-24 17:58:42.335784",
    "volumes_at_generation_request": {
        "bongo": 0.5,
        "metronome": 0.5
    },
    "generation_0": {
        "pressed_play_time": [
            "2023-10-24 17:58:55.556593"
        ],
        "rankings": [
            [
                1,
                "2023-10-24 17:59:04.157966"
            ]
        ]
    },
    "generation_1": {
        "pressed_play_time": [
            "2023-10-24 17:59:05.522050"
        ],
        "rankings": [
            [
                2,
                "2023-10-24 17:59:17.976683"
            ]
        ]
    },
    "generation_2": {
        "pressed_play_time": [
            "2023-10-24 17:59:18.914214"
        ],
        "rankings": [
            [
                2,
                "2023-10-24 17:59:28.915147"
            ]
        ]
    },
    "submitted_ratings_time": "2023-10-24 17:59:29.783171",
    "volumes_at_rating_submission": {
        "bongo": 0.5,
        "metronome": 0.25,
        "drum": 0.5
    },
    "removed_hits": []
}