{
    "attempt_start_time": "2023-10-20 14:30:24.691181",
    "attempt_count": 1,
    "attempt_dir": "/Users/cccb/Library/CloudStorage/GoogleDrive-elbongoserocccb@gmail.com/My Drive/SavedSessions/session_00000251/Part2_BongosAlonWithDrums/attempt_001",
    "tempos": [
        [
            89.0,
            "2023-10-20 14:30:24.694601"
        ]
    ],
    "cleared_to_retry_times": [
        "2023-10-20 14:30:24.695626"
    ],
    "groove_submission_time": "2023-10-20 14:30:43.523998",
    "midi_drum_path": [
        [
            "/Users/cccb/Library/CloudStorage/GoogleDrive-elbongoserocccb@gmail.com/My Drive/DrumMidis/Rock/p0000000250__m017__beat__rock__003---005.mid",
            "2023-10-20 14:30:24.694332"
        ]
    ],
    "volumes_at_submission": {
        "bongo": 0.5,
        "metronome": 0.0,
        "drum": 0.5
    },
    "attempt_ended_by": "submission",
    "removed_hits": [],
    "self_assessment_rating": [
        [
            3,
            "2023-10-20 14:30:47.620836"
        ],
        [
            3,
            "2023-10-20 14:30:47.939422"
        ]
    ]
}