{
    "session_start_time": "2023-10-17 19:56:15.509698",
    "session_count": 101,
    "session_name": "session_00000101",
    "session_dir": "/Users/cccb/Library/CloudStorage/GoogleDrive-elbongoserocccb@gmail.com/My Drive/SavedSessions/session_00000101",
    "session_end_time": "2023-10-17 19:57:12.290200",
    "session_ended_by": "user",
    "level_of_musical_experience": [
        {
            "rating": 3,
            "time": "2023-10-17 19:57:15.632876"
        }
    ],
    "exhibition_rating": [
        {
            "rating": 3,
            "time": "2023-10-17 19:57:17.457387"
        }
    ],
    "explicitely_granted_consent": "Yes"
}