{
    "attempt_start_time": "2023-10-17 19:53:12.813518",
    "attempt_count": 1,
    "attempt_dir": "/Users/cccb/Library/CloudStorage/GoogleDrive-elbongoserocccb@gmail.com/My Drive/SavedSessions/session_00000099/Part2_BongosAlonWithDrums/attempt_001",
    "tempos": [
        [
            99.0,
            "2023-10-17 19:53:12.817601"
        ]
    ],
    "cleared_to_retry_times": [
        "2023-10-17 19:53:12.818669"
    ],
    "groove_submission_time": "2023-10-17 19:53:31.552808",
    "midi_drum_path": [
        [
            "/Users/cccb/Library/CloudStorage/GoogleDrive-elbongoserocccb@gmail.com/My Drive/DrumMidis/Hiphop/p0000003032__m002__beat__hiphop__001---003_extended.mid",
            "2023-10-17 19:53:12.817328"
        ]
    ],
    "volumes_at_submission": {
        "bongo": 0.5,
        "metronome": 0.0,
        "drum": 0.5
    },
    "attempt_ended_by": "submission",
    "removed_hits": [],
    "self_assessment_rating": [
        [
            5,
            "2023-10-17 19:53:34.856567"
        ]
    ]
}