{
    "attempt_start_time": "2023-10-20 14:30:52.413662",
    "attempt_count": 2,
    "attempt_dir": "/Users/cccb/Library/CloudStorage/GoogleDrive-elbongoserocccb@gmail.com/My Drive/SavedSessions/session_00000251/Part2_BongosAlonWithDrums/attempt_002",
    "tempos": [
        [
            110.0,
            "2023-10-20 14:30:52.416899"
        ]
    ],
    "cleared_to_retry_times": [
        "2023-10-20 14:30:52.417859"
    ],
    "groove_submission_time": "2023-10-20 14:31:06.744513",
    "midi_drum_path": [
        [
            "/Users/cccb/Library/CloudStorage/GoogleDrive-elbongoserocccb@gmail.com/My Drive/DrumMidis/Afrocuban/p0000003389__m001__beat__afrocuban__031---033.mid",
            "2023-10-20 14:30:52.416615"
        ]
    ],
    "volumes_at_submission": {
        "bongo": 0.5,
        "metronome": 0.0,
        "drum": 0.5
    },
    "attempt_ended_by": "submission",
    "removed_hits": [],
    "self_assessment_rating": [
        [
            2,
            "2023-10-20 14:31:07.931136"
        ]
    ]
}