{
    "attempt_start_time": "2023-10-21 13:02:45.668656",
    "attempt_count": 1,
    "attempt_dir": "/Users/cccb/Library/CloudStorage/GoogleDrive-elbongoserocccb@gmail.com/My Drive/SavedSessions/session_00000328/Part1_BongosToDrum/attempt_1",
    "tempos": [
        [
            90.0,
            "2023-10-21 13:02:45.769262"
        ]
    ],
    "cleared_to_retry_times": [
        "2023-10-21 13:02:45.770432",
        "2023-10-21 13:03:11.633907",
        "2023-10-21 13:03:11.993099",
        "2023-10-21 13:03:19.056176",
        "2023-10-21 13:03:19.426689",
        "2023-10-21 13:03:31.104371"
    ],
    "requested_generation_time": "2023-10-21 13:03:47.171900",
    "volumes_at_generation_request": {
        "bongo": 0.5,
        "metronome": 0.5
    },
    "generation_0": {
        "pressed_play_time": [
            "2023-10-21 13:03:58.407934",
            "2023-10-21 13:04:10.994839"
        ],
        "rankings": [
            [
                1,
                "2023-10-21 13:04:17.418770"
            ]
        ]
    },
    "generation_1": {
        "pressed_play_time": [
            "2023-10-21 13:04:19.787531",
            "2023-10-21 13:04:21.330889"
        ],
        "rankings": [
            [
                2,
                "2023-10-21 13:04:26.923330"
            ]
        ]
    },
    "generation_2": {
        "pressed_play_time": [
            "2023-10-21 13:04:28.417806",
            "2023-10-21 13:04:29.928583"
        ],
        "rankings": [
            [
                0,
                "2023-10-21 13:04:35.862514"
            ],
            [
                0,
                "2023-10-21 13:04:36.237452"
            ]
        ]
    },
    "submitted_ratings_time": "2023-10-21 13:04:37.363344",
    "volumes_at_rating_submission": {
        "bongo": 0.5,
        "metronome": 0.25,
        "drum": 0.5
    },
    "removed_hits": []
}