{
    "attempt_start_time": "2023-10-16 11:34:03.276609",
    "attempt_count": 1,
    "attempt_dir": "/Users/cccb/Library/CloudStorage/GoogleDrive-elbongoserocccb@gmail.com/My Drive/SavedSessions/session_00000051/Part1_BongosToDrum/attempt_1",
    "tempos": [
        [
            90.0,
            "2023-10-16 11:34:03.377202"
        ]
    ],
    "cleared_to_retry_times": [
        "2023-10-16 11:34:03.379533"
    ],
    "requested_generation_time": "2023-10-16 11:34:05.480596",
    "volumes_at_generation_request": {
        "bongo": 0.5,
        "metronome": 0.5
    },
    "generation_0": {
        "pressed_play_time": [
            "2023-10-16 11:34:09.924480"
        ],
        "rankings": [
            [
                1,
                "2023-10-16 11:34:10.211477"
            ]
        ]
    },
    "generation_1": {
        "pressed_play_time": [
            "2023-10-16 11:34:10.983002"
        ],
        "rankings": [
            [
                2,
                "2023-10-16 11:34:11.502476"
            ]
        ]
    },
    "generation_2": {
        "pressed_play_time": [
            "2023-10-16 11:34:12.188401"
        ],
        "rankings": [
            [
                3,
                "2023-10-16 11:34:12.638500"
            ]
        ]
    },
    "submitted_ratings_time": "2023-10-16 11:34:13.184620",
    "volumes_at_rating_submission": {
        "bongo": 0.5,
        "metronome": 0.0,
        "drum": 0.5
    },
    "removed_hits": []
}