{
    "attempt_start_time": "2023-10-31 19:03:21.253688",
    "attempt_count": 2,
    "attempt_dir": "/Users/cccb/Library/CloudStorage/GoogleDrive-elbongoserocccb@gmail.com/My Drive/SavedSessions/session_00000920--2023-10-31--18-58-49/Part2_BongosAlonWithDrums/attempt_002",
    "tempos": [
        [
            104.0,
            "2023-10-31 19:03:21.258209"
        ]
    ],
    "cleared_to_retry_times": [
        "2023-10-31 19:03:21.259199"
    ],
    "groove_submission_time": "2023-10-31 19:04:05.342826",
    "midi_drum_path": [
        [
            "/Users/cccb/Library/CloudStorage/GoogleDrive-elbongoserocccb@gmail.com/My Drive/DrumMidis/Funk/p0000004057__m001__beat__funk__004---006.mid",
            "2023-10-31 19:03:21.257874"
        ]
    ],
    "volumes_at_submission": {
        "bongo": 0.39,
        "metronome": 0.74,
        "drum": 0.57
    },
    "attempt_ended_by": "submission",
    "removed_hits": [],
    "self_assessment_rating": [
        [
            5,
            "2023-10-31 19:04:07.157694"
        ]
    ]
}