{
    "session_start_time": "2023-10-31 12:40:45.173439",
    "session_count": 862,
    "session_name": "session_00000862--2023-10-31--12-40-45",
    "session_dir": "/Users/cccb/Library/CloudStorage/GoogleDrive-elbongoserocccb@gmail.com/My Drive/SavedSessions/session_00000862--2023-10-31--12-40-45",
    "session_end_time": "2023-10-31 12:49:35.754700",
    "session_ended_by": "user",
    "level_of_musical_experience": [
        {
            "rating": 1,
            "time": "2023-10-31 12:49:39.679516"
        }
    ],
    "exhibition_rating": [
        {
            "rating": 4,
            "time": "2023-10-31 12:49:43.792072"
        }
    ],
    "explicitely_granted_consent": "Yes"
}