{
    "attempt_start_time": "2023-10-19 18:30:22.040374",
    "attempt_count": 3,
    "attempt_dir": "/Users/cccb/Library/CloudStorage/GoogleDrive-elbongoserocccb@gmail.com/My Drive/SavedSessions/session_00000220/Part2_BongosAlonWithDrums/attempt_003",
    "tempos": [
        [
            120.0,
            "2023-10-19 18:30:22.043190"
        ],
        [
            122.0,
            "2023-10-19 18:30:28.839362"
        ],
        [
            124.0,
            "2023-10-19 18:30:30.294811"
        ],
        [
            129.0,
            "2023-10-19 18:30:30.491522"
        ],
        [
            134.0,
            "2023-10-19 18:30:30.670398"
        ],
        [
            139.0,
            "2023-10-19 18:30:30.858276"
        ],
        [
            144.0,
            "2023-10-19 18:30:31.005772"
        ]
    ],
    "cleared_to_retry_times": [
        "2023-10-19 18:30:22.044143"
    ],
    "groove_submission_time": "2023-10-19 18:30:35.032988",
    "midi_drum_path": [
        [
            "/Users/cccb/Library/CloudStorage/GoogleDrive-elbongoserocccb@gmail.com/My Drive/DrumMidis/Disco/p0000002280__m005__beat__rock+indie+disco__004---006.mid",
            "2023-10-19 18:30:22.042900"
        ]
    ],
    "volumes_at_submission": {
        "bongo": 0.5,
        "metronome": 0.0,
        "drum": 0.5
    },
    "attempt_ended_by": "submission",
    "removed_hits": [],
    "self_assessment_rating": [
        [
            1,
            "2023-10-19 18:30:36.360531"
        ]
    ]
}