{
    "attempt_start_time": "2023-10-21 13:12:18.884196",
    "attempt_count": 1,
    "attempt_dir": "/Users/cccb/Library/CloudStorage/GoogleDrive-elbongoserocccb@gmail.com/My Drive/SavedSessions/session_00000330/Part2_BongosAlonWithDrums/attempt_001",
    "tempos": [
        [
            120.0,
            "2023-10-21 13:12:18.887683"
        ]
    ],
    "cleared_to_retry_times": [
        "2023-10-21 13:12:18.888647"
    ],
    "groove_submission_time": "2023-10-21 13:12:37.284607",
    "midi_drum_path": [
        [
            "/Users/cccb/Library/CloudStorage/GoogleDrive-elbongoserocccb@gmail.com/My Drive/DrumMidis/Soul/p0000001700__m001__beat__soul+funk__004---006_extended.mid",
            "2023-10-21 13:12:18.887405"
        ]
    ],
    "volumes_at_submission": {
        "bongo": 0.5,
        "metronome": 0.69,
        "drum": 0.5
    },
    "attempt_ended_by": "submission",
    "removed_hits": [],
    "self_assessment_rating": [
        [
            3,
            "2023-10-21 13:12:40.165389"
        ]
    ]
}