{
    "attempt_start_time": "2023-10-24 18:35:23.257069",
    "attempt_count": 1,
    "attempt_dir": "/Users/cccb/Library/CloudStorage/GoogleDrive-elbongoserocccb@gmail.com/My Drive/SavedSessions/session_00000472/Part1_BongosToDrum/attempt_1",
    "tempos": [
        [
            90.0,
            "2023-10-24 18:35:23.357791"
        ],
        [
            92.0,
            "2023-10-24 18:35:48.357477"
        ]
    ],
    "cleared_to_retry_times": [
        "2023-10-24 18:35:23.359195",
        "2023-10-24 18:35:51.764188",
        "2023-10-24 18:36:02.186650",
        "2023-10-24 18:36:10.421425",
        "2023-10-24 18:36:15.696090",
        "2023-10-24 18:36:16.087395"
    ],
    "requested_generation_time": "2023-10-24 18:36:24.430208",
    "volumes_at_generation_request": {
        "bongo": 0.5,
        "metronome": 0.5
    },
    "generation_0": {
        "pressed_play_time": [
            "2023-10-24 18:36:35.103851",
            "2023-10-24 18:36:36.361418"
        ],
        "rankings": [
            [
                2,
                "2023-10-24 18:36:47.909141"
            ]
        ]
    },
    "generation_1": {
        "pressed_play_time": [
            "2023-10-24 18:36:50.476429",
            "2023-10-24 18:36:51.938868"
        ],
        "rankings": [
            [
                2,
                "2023-10-24 18:37:02.107426"
            ]
        ]
    },
    "generation_2": {
        "pressed_play_time": [
            "2023-10-24 18:37:03.217897"
        ],
        "rankings": [
            [
                3,
                "2023-10-24 18:37:10.886790"
            ]
        ]
    },
    "submitted_ratings_time": "2023-10-24 18:37:12.746085",
    "volumes_at_rating_submission": {
        "bongo": 0.5,
        "metronome": 0.25,
        "drum": 0.5
    },
    "removed_hits": []
}