{
    "attempt_start_time": "2023-10-29 18:11:51.326665",
    "attempt_count": 4,
    "attempt_dir": "/Users/cccb/Library/CloudStorage/GoogleDrive-elbongoserocccb@gmail.com/My Drive/SavedSessions/session_00000793--2023-10-29--18-09-21/Part2_BongosAlonWithDrums/attempt_004",
    "tempos": [
        [
            91.0,
            "2023-10-29 18:11:51.329243"
        ]
    ],
    "cleared_to_retry_times": [
        "2023-10-29 18:11:51.330376"
    ],
    "groove_submission_time": "2023-10-29 18:12:01.317023",
    "midi_drum_path": [
        [
            "/Users/cccb/Library/CloudStorage/GoogleDrive-elbongoserocccb@gmail.com/My Drive/DrumMidis/Hiphop/p0000000030__m010__beat__electronic+breakbeat+dnb+hiphop__018---020.mid",
            "2023-10-29 18:11:51.328942"
        ]
    ],
    "volumes_at_submission": {
        "bongo": 0.5,
        "metronome": 0.56,
        "drum": 0.31
    },
    "attempt_ended_by": "submission",
    "removed_hits": [],
    "self_assessment_rating": [
        [
            1,
            "2023-10-29 18:12:02.724143"
        ]
    ]
}