{
    "session_start_time": "2023-10-24 13:17:35.636493",
    "session_count": 423,
    "session_name": "session_00000423",
    "session_dir": "/Users/cccb/Library/CloudStorage/GoogleDrive-elbongoserocccb@gmail.com/My Drive/SavedSessions/session_00000423",
    "session_end_time": "2023-10-24 13:21:40.709986",
    "session_ended_by": "user",
    "level_of_musical_experience": [
        {
            "rating": 1,
            "time": "2023-10-24 13:21:47.360807"
        }
    ],
    "exhibition_rating": [
        {
            "rating": 5,
            "time": "2023-10-24 13:21:50.491119"
        }
    ],
    "explicitely_granted_consent": "Yes"
}