{
    "attempt_start_time": "2023-10-24 12:36:22.062707",
    "attempt_count": 1,
    "attempt_dir": "/Users/cccb/Library/CloudStorage/GoogleDrive-elbongoserocccb@gmail.com/My Drive/SavedSessions/session_00000416/Part1_BongosToDrum/attempt_1",
    "tempos": [
        [
            90.0,
            "2023-10-24 12:36:22.163336"
        ],
        [
            92.0,
            "2023-10-24 12:36:33.368848"
        ],
        [
            94.0,
            "2023-10-24 12:36:45.994704"
        ]
    ],
    "cleared_to_retry_times": [
        "2023-10-24 12:36:22.164560",
        "2023-10-24 12:36:30.788832",
        "2023-10-24 12:36:32.494709"
    ],
    "requested_generation_time": "2023-10-24 12:37:17.024718",
    "volumes_at_generation_request": {
        "bongo": 0.75,
        "metronome": 0.11
    },
    "generation_0": {
        "pressed_play_time": [
            "2023-10-24 12:37:34.400560"
        ],
        "rankings": [
            [
                2,
                "2023-10-24 12:37:31.664935"
            ]
        ]
    },
    "generation_1": {
        "pressed_play_time": [
            "2023-10-24 12:37:42.930777"
        ],
        "rankings": [
            [
                0,
                "2023-10-24 12:37:47.442177"
            ]
        ]
    },
    "generation_2": {
        "pressed_play_time": [
            "2023-10-24 12:37:48.680995"
        ],
        "rankings": [
            [
                1,
                "2023-10-24 12:37:53.349560"
            ]
        ]
    },
    "submitted_ratings_time": "2023-10-24 12:37:54.530769",
    "volumes_at_rating_submission": {
        "bongo": 0.5,
        "metronome": 0.25,
        "drum": 0.5
    },
    "removed_hits": []
}