{
    "attempt_start_time": "2023-10-31 15:43:01.390982",
    "attempt_count": 2,
    "attempt_dir": "/Users/cccb/Library/CloudStorage/GoogleDrive-elbongoserocccb@gmail.com/My Drive/SavedSessions/session_00000885--2023-10-31--15-41-33/Part1_BongosToDrum/attempt_2",
    "tempos": [
        [
            119.0,
            "2023-10-31 15:43:01.491622"
        ]
    ],
    "cleared_to_retry_times": [
        "2023-10-31 15:43:01.492883",
        "2023-10-31 15:44:49.318792"
    ],
    "requested_generation_time": "2023-10-31 15:44:10.944371",
    "volumes_at_generation_request": {
        "bongo": 0.17,
        "metronome": 0.07
    },
    "generation_0": {
        "pressed_play_time": [
            "2023-10-31 15:44:18.117505"
        ],
        "rankings": [
            [
                4,
                "2023-10-31 15:44:23.125085"
            ]
        ]
    },
    "generation_1": {
        "pressed_play_time": [
            "2023-10-31 15:44:26.586645"
        ],
        "rankings": [
            [
                1,
                "2023-10-31 15:44:37.285983"
            ],
            [
                3,
                "2023-10-31 15:44:40.483272"
            ]
        ]
    },
    "generation_2": {
        "pressed_play_time": [
            "2023-10-31 15:44:41.913711"
        ],
        "rankings": [
            [
                1,
                "2023-10-31 15:44:48.378650"
            ]
        ]
    },
    "submitted_ratings_time": "2023-10-31 15:44:49.317216",
    "volumes_at_rating_submission": {
        "bongo": 0.19,
        "metronome": 0.25,
        "drum": 0.27
    },
    "removed_hits": []
}