{
    "attempt_start_time": "2023-10-20 19:28:31.204536",
    "attempt_count": 1,
    "attempt_dir": "/Users/cccb/Library/CloudStorage/GoogleDrive-elbongoserocccb@gmail.com/My Drive/SavedSessions/session_00000298/Part1_BongosToDrum/attempt_1",
    "tempos": [
        [
            90.0,
            "2023-10-20 19:28:31.306118"
        ],
        [
            92.0,
            "2023-10-20 19:28:38.079961"
        ],
        [
            94.0,
            "2023-10-20 19:28:40.936610"
        ],
        [
            96.0,
            "2023-10-20 19:29:25.617102"
        ],
        [
            101.0,
            "2023-10-20 19:29:25.815326"
        ],
        [
            106.0,
            "2023-10-20 19:29:25.977760"
        ],
        [
            111.0,
            "2023-10-20 19:29:26.168009"
        ],
        [
            116.0,
            "2023-10-20 19:29:26.328485"
        ],
        [
            121.0,
            "2023-10-20 19:29:26.520127"
        ],
        [
            126.0,
            "2023-10-20 19:29:26.711212"
        ]
    ],
    "cleared_to_retry_times": [
        "2023-10-20 19:28:31.307213",
        "2023-10-20 19:28:57.189354",
        "2023-10-20 19:29:23.141346",
        "2023-10-20 19:30:12.132685"
    ],
    "requested_generation_time": "2023-10-20 19:30:40.718042",
    "volumes_at_generation_request": {
        "bongo": 0.62,
        "metronome": 0.62
    },
    "generation_0": {
        "pressed_play_time": [
            "2023-10-20 19:31:00.778414"
        ],
        "rankings": [
            [
                1,
                "2023-10-20 19:30:52.959972"
            ],
            [
                3,
                "2023-10-20 19:31:12.512866"
            ]
        ]
    },
    "generation_1": {
        "pressed_play_time": [
            "2023-10-20 19:31:04.609900",
            "2023-10-20 19:31:14.710979",
            "2023-10-20 19:31:15.910052"
        ],
        "rankings": [
            [
                2,
                "2023-10-20 19:31:23.130170"
            ],
            [
                3,
                "2023-10-20 19:31:24.758660"
            ]
        ]
    },
    "generation_2": {
        "pressed_play_time": [
            "2023-10-20 19:31:25.757398",
            "2023-10-20 19:31:27.384706"
        ],
        "rankings": [
            [
                4,
                "2023-10-20 19:31:35.801847"
            ]
        ]
    },
    "submitted_ratings_time": "2023-10-20 19:31:36.833262",
    "volumes_at_rating_submission": {
        "bongo": 0.5,
        "metronome": 0.25,
        "drum": 0.5
    },
    "removed_hits": []
}