{
    "attempt_start_time": "2023-10-26 14:00:02.280066",
    "attempt_count": 1,
    "attempt_dir": "/Users/cccb/Library/CloudStorage/GoogleDrive-elbongoserocccb@gmail.com/My Drive/SavedSessions/session_00000509--2023-10-26--13-59-59/Part1_BongosToDrum/attempt_1",
    "tempos": [
        [
            90.0,
            "2023-10-26 14:00:02.380668"
        ]
    ],
    "cleared_to_retry_times": [
        "2023-10-26 14:00:02.381845"
    ],
    "requested_generation_time": "2023-10-26 14:00:11.077438",
    "volumes_at_generation_request": {
        "bongo": 0.5,
        "metronome": 0.5
    },
    "generation_0": {
        "pressed_play_time": [
            "2023-10-26 14:00:22.139865"
        ],
        "rankings": [
            [
                3,
                "2023-10-26 14:00:33.341720"
            ]
        ]
    },
    "generation_1": {
        "pressed_play_time": [
            "2023-10-26 14:00:35.790620"
        ],
        "rankings": [
            [
                2,
                "2023-10-26 14:00:41.342611"
            ]
        ]
    },
    "generation_2": {
        "pressed_play_time": [
            "2023-10-26 14:00:44.382889"
        ],
        "rankings": [
            [
                1,
                "2023-10-26 14:00:53.781220"
            ]
        ]
    },
    "submitted_ratings_time": "2023-10-26 14:00:55.427643",
    "volumes_at_rating_submission": {
        "bongo": 0.5,
        "metronome": 0.25,
        "drum": 0.5
    },
    "removed_hits": []
}