{
    "session_start_time": "2023-10-26 15:25:27.910761",
    "session_count": 522,
    "session_name": "session_00000522--2023-10-26--15-25-27",
    "session_dir": "/Users/cccb/Library/CloudStorage/GoogleDrive-elbongoserocccb@gmail.com/My Drive/SavedSessions/session_00000522--2023-10-26--15-25-27",
    "session_end_time": "2023-10-26 15:35:45.376588",
    "session_ended_by": "user",
    "level_of_musical_experience": [
        {
            "rating": 3,
            "time": "2023-10-26 15:35:48.762405"
        }
    ],
    "exhibition_rating": [
        {
            "rating": 5,
            "time": "2023-10-26 15:35:52.070155"
        }
    ],
    "explicitely_granted_consent": "Yes"
}