{
    "attempt_start_time": "2023-10-20 12:53:36.442996",
    "attempt_count": 1,
    "attempt_dir": "/Users/cccb/Library/CloudStorage/GoogleDrive-elbongoserocccb@gmail.com/My Drive/SavedSessions/session_00000241/Part1_BongosToDrum/attempt_1",
    "tempos": [
        [
            90.0,
            "2023-10-20 12:53:36.543658"
        ]
    ],
    "cleared_to_retry_times": [
        "2023-10-20 12:53:36.545804"
    ],
    "requested_generation_time": "2023-10-20 12:53:42.637329",
    "volumes_at_generation_request": {
        "bongo": 0.5,
        "metronome": 0.5
    },
    "generation_0": {
        "pressed_play_time": [],
        "rankings": [
            [
                1,
                "2023-10-20 12:53:52.162110"
            ],
            [
                4,
                "2023-10-20 12:54:06.158602"
            ]
        ]
    },
    "generation_1": {
        "pressed_play_time": [
            "2023-10-20 12:54:17.697929"
        ],
        "rankings": [
            [
                4,
                "2023-10-20 12:54:37.083424"
            ],
            [
                3,
                "2023-10-20 12:54:38.096386"
            ]
        ]
    },
    "generation_2": {
        "pressed_play_time": [
            "2023-10-20 12:54:30.801679"
        ],
        "rankings": [
            [
                4,
                "2023-10-20 12:54:34.390884"
            ]
        ]
    },
    "submitted_ratings_time": "2023-10-20 12:54:40.986695",
    "volumes_at_rating_submission": {
        "bongo": 0.5,
        "metronome": 0.48,
        "drum": 0.66
    },
    "removed_hits": []
}