{
    "session_start_time": "2023-10-22 13:38:31.257446",
    "session_count": 373,
    "session_name": "session_00000373",
    "session_dir": "/Users/cccb/Library/CloudStorage/GoogleDrive-elbongoserocccb@gmail.com/My Drive/SavedSessions/session_00000373",
    "session_end_time": "2023-10-22 13:40:02.964644",
    "session_ended_by": "user",
    "level_of_musical_experience": [
        {
            "rating": 4,
            "time": "2023-10-22 13:40:08.364747"
        }
    ],
    "exhibition_rating": [
        {
            "rating": 4,
            "time": "2023-10-22 13:40:05.966953"
        }
    ],
    "explicitely_granted_consent": "Yes"
}