{
    "attempt_start_time": "2023-10-19 18:27:41.006733",
    "attempt_count": 1,
    "attempt_dir": "/Users/cccb/Library/CloudStorage/GoogleDrive-elbongoserocccb@gmail.com/My Drive/SavedSessions/session_00000220/Part2_BongosAlonWithDrums/attempt_001",
    "tempos": [
        [
            150.0,
            "2023-10-19 18:27:41.010241"
        ],
        [
            148.0,
            "2023-10-19 18:28:02.618102"
        ],
        [
            146.0,
            "2023-10-19 18:28:03.155975"
        ]
    ],
    "cleared_to_retry_times": [
        "2023-10-19 18:27:41.011242",
        "2023-10-19 18:28:10.958222"
    ],
    "groove_submission_time": "2023-10-19 18:29:16.625632",
    "midi_drum_path": [
        [
            "/Users/cccb/Library/CloudStorage/GoogleDrive-elbongoserocccb@gmail.com/My Drive/DrumMidis/Jazz/p0000002994__m047__beat__jazz+latin__001---003_extended.mid",
            "2023-10-19 18:27:41.009952"
        ]
    ],
    "volumes_at_submission": {
        "bongo": 0.5,
        "metronome": 0.0,
        "drum": 0.5
    },
    "attempt_ended_by": "submission",
    "removed_hits": [],
    "self_assessment_rating": [
        [
            3,
            "2023-10-19 18:29:22.609075"
        ]
    ]
}