{
    "attempt_start_time": "2023-10-24 15:48:34.716290",
    "attempt_count": 1,
    "attempt_dir": "/Users/cccb/Library/CloudStorage/GoogleDrive-elbongoserocccb@gmail.com/My Drive/SavedSessions/session_00000442/Part1_BongosToDrum/attempt_1",
    "tempos": [
        [
            90.0,
            "2023-10-24 15:48:34.816926"
        ]
    ],
    "cleared_to_retry_times": [
        "2023-10-24 15:48:34.818165"
    ],
    "requested_generation_time": "2023-10-24 15:49:25.437951",
    "volumes_at_generation_request": {
        "bongo": 0.5,
        "metronome": 0.5
    },
    "generation_0": {
        "pressed_play_time": [
            "2023-10-24 15:49:30.868306",
            "2023-10-24 15:49:55.362732",
            "2023-10-24 15:50:07.009549",
            "2023-10-24 15:50:16.992322",
            "2023-10-24 15:51:23.887090",
            "2023-10-24 15:51:34.987183",
            "2023-10-24 15:52:47.643943"
        ],
        "rankings": [
            [
                1,
                "2023-10-24 15:49:29.816725"
            ],
            [
                1,
                "2023-10-24 15:50:18.454780"
            ],
            [
                0,
                "2023-10-24 15:50:21.938579"
            ],
            [
                2,
                "2023-10-24 15:51:21.913158"
            ],
            [
                0,
                "2023-10-24 15:52:53.740139"
            ]
        ]
    },
    "generation_1": {
        "pressed_play_time": [
            "2023-10-24 15:49:39.699782",
            "2023-10-24 15:50:29.749140",
            "2023-10-24 15:50:40.841164"
        ],
        "rankings": [
            [
                0,
                "2023-10-24 15:51:18.574138"
            ]
        ]
    },
    "generation_2": {
        "pressed_play_time": [
            "2023-10-24 15:51:07.563192"
        ],
        "rankings": [
            [
                1,
                "2023-10-24 15:51:10.886676"
            ],
            [
                2,
                "2023-10-24 15:51:12.952342"
            ],
            [
                4,
                "2023-10-24 15:51:15.123569"
            ],
            [
                0,
                "2023-10-24 15:51:17.514635"
            ],
            [
                2,
                "2023-10-24 15:51:20.778465"
            ]
        ]
    },
    "submitted_ratings_time": "2023-10-24 15:52:55.128747",
    "volumes_at_rating_submission": {
        "bongo": 0.5,
        "metronome": 0.25,
        "drum": 0.5
    },
    "removed_hits": []
}